stream,glyph,x,advance,width
39E8,008A,0,10,96
39E8,0120,10,10,96
39E8,012F,20,10,96
39E8,0130,30,10,96
39E8,0135,40,10,96
39E8,0130,50,10,96
39E8,012A,60,10,96
39E8,012F,70,10,96
39E8,0130,80,10,96
39E8,008A,0,10,96
39E8,008A,10,10,96
39E8,008A,20,10,96
39E8,0116,30,10,96
39E8,013B,40,10,96
39E8,0136,50,10,96
3A1C,008A,0,10,96
3A1C,011A,10,10,96
3A1C,0128,20,10,96
3A1C,013A,30,10,96
3A1C,0128,40,10,96
3A1C,0135,50,10,96
3A1C,0136,60,10,96
3A1C,0139,70,10,96
3A1C,0130,80,10,96
3A1C,008A,0,10,96
3A1C,0116,10,10,96
3A1C,013A,20,10,96
3A1C,012F,30,10,96
3A1C,0130,40,10,96
3A1C,0132,50,10,96
3A1C,0128,60,10,96
3A1C,013E,70,10,96
3A1C,0128,80,10,96
