case,stratum,decision,next
CORPUS-1436-ROW-INDEX,CRITICAL,NOT_VALIDATED_NO_RESOURCE_LEVEL_INDEX,"External row index, consumer evidence, or primary identity source required."
BANK66-595-KEY-SUBSET,CRITICAL,NOT_VALIDATED_NO_KEY_LEVEL_OVERLAP,"External row index, consumer evidence, or primary identity source required."
CP932-15939,CRITICAL,NOT_VALIDATED_TECHNICAL,"External row index, consumer evidence, or primary identity source required."
CP932-15968,CRITICAL,NOT_VALIDATED_TECHNICAL,"External row index, consumer evidence, or primary identity source required."
READING-高津 利恵,CRITICAL,READING_UNVERIFIED,"External row index, consumer evidence, or primary identity source required."
READING-深尾 伸也,CRITICAL,READING_UNVERIFIED,"External row index, consumer evidence, or primary identity source required."
READING-橋本 信之,CRITICAL,READING_UNVERIFIED,"External row index, consumer evidence, or primary identity source required."
RIV-USE-A364_OBSERVED-0,CONTEXT_OWNER,NEEDS_CONTEXT,NO_DIRECT_OWNER_FIELD_IN_INVENTORY
RIV-USE-A364_OBSERVED-1,CONTEXT_OWNER,NEEDS_CONTEXT,NO_DIRECT_OWNER_FIELD_IN_INVENTORY
RIV-USE-A364_OBSERVED-10,CONTEXT_OWNER,NEEDS_CONTEXT,NO_DIRECT_OWNER_FIELD_IN_INVENTORY
RIV-USE-A364_OBSERVED-11,CONTEXT_OWNER,NEEDS_CONTEXT,NO_DIRECT_OWNER_FIELD_IN_INVENTORY
RIV-USE-A364_OBSERVED-12,CONTEXT_OWNER,NEEDS_CONTEXT,NO_DIRECT_OWNER_FIELD_IN_INVENTORY
RIV-USE-A364_OBSERVED-13,CONTEXT_OWNER,NEEDS_CONTEXT,NO_DIRECT_OWNER_FIELD_IN_INVENTORY
RIV-USE-A364_OBSERVED-14,CONTEXT_OWNER,NEEDS_CONTEXT,NO_DIRECT_OWNER_FIELD_IN_INVENTORY
RIV-USE-A364_OBSERVED-15,CONTEXT_OWNER,NEEDS_CONTEXT,NO_DIRECT_OWNER_FIELD_IN_INVENTORY
RIV-USE-A364_OBSERVED-16,CONTEXT_OWNER,NEEDS_CONTEXT,NO_DIRECT_OWNER_FIELD_IN_INVENTORY
RIV-USE-A364_OBSERVED-17,CONTEXT_OWNER,NEEDS_CONTEXT,NO_DIRECT_OWNER_FIELD_IN_INVENTORY
RIV-USE-A364_OBSERVED-18,CONTEXT_OWNER,NEEDS_CONTEXT,NO_DIRECT_OWNER_FIELD_IN_INVENTORY
RIV-USE-A364_OBSERVED-19,CONTEXT_OWNER,NEEDS_CONTEXT,NO_DIRECT_OWNER_FIELD_IN_INVENTORY
RIV-USE-A364_OBSERVED-2,CONTEXT_OWNER,NEEDS_CONTEXT,NO_DIRECT_OWNER_FIELD_IN_INVENTORY
RIV-USE-A364_OBSERVED-20,CONTEXT_OWNER,NEEDS_CONTEXT,NO_DIRECT_OWNER_FIELD_IN_INVENTORY
RIV-USE-A364_OBSERVED-21,CONTEXT_OWNER,NEEDS_CONTEXT,NO_DIRECT_OWNER_FIELD_IN_INVENTORY
RIV-USE-A364_OBSERVED-22,CONTEXT_OWNER,NEEDS_CONTEXT,NO_DIRECT_OWNER_FIELD_IN_INVENTORY
RIV-USE-A364_OBSERVED-23,CONTEXT_OWNER,NEEDS_CONTEXT,NO_DIRECT_OWNER_FIELD_IN_INVENTORY
RIV-USE-A364_OBSERVED-24,CONTEXT_OWNER,NEEDS_CONTEXT,NO_DIRECT_OWNER_FIELD_IN_INVENTORY
RIV-LZ-4598BC,NO_I03_LZ,NEEDS_CONSUMER_EDGE,Trace owner/consumer; absence from I03 does not prove orphan or unused.
RIV-LZ-4F47D8,NO_I03_LZ,NEEDS_CONSUMER_EDGE,Trace owner/consumer; absence from I03 does not prove orphan or unused.
RIV-LZ-4F483E,NO_I03_LZ,NEEDS_CONSUMER_EDGE,Trace owner/consumer; absence from I03 does not prove orphan or unused.
RIV-LZ-4F4DFE,NO_I03_LZ,NEEDS_CONSUMER_EDGE,Trace owner/consumer; absence from I03 does not prove orphan or unused.
RIV-LZ-4F50EE,NO_I03_LZ,NEEDS_CONSUMER_EDGE,Trace owner/consumer; absence from I03 does not prove orphan or unused.
RIV-LZ-4F5416,NO_I03_LZ,NEEDS_CONSUMER_EDGE,Trace owner/consumer; absence from I03 does not prove orphan or unused.
RIV-LZ-4F5794,NO_I03_LZ,NEEDS_CONSUMER_EDGE,Trace owner/consumer; absence from I03 does not prove orphan or unused.
RIV-LZ-4FBCB4,NO_I03_LZ,NEEDS_CONSUMER_EDGE,Trace owner/consumer; absence from I03 does not prove orphan or unused.
RIV-RAW-477618,NO_I03_RAW,NEEDS_CONSUMER_EDGE,Trace owner/consumer; absence from I03 does not prove orphan or unused.
RIV-RAW-4778B8,NO_I03_RAW,NEEDS_CONSUMER_EDGE,Trace owner/consumer; absence from I03 does not prove orphan or unused.
RIV-RAW-4F18B2,NO_I03_RAW,NEEDS_CONSUMER_EDGE,Trace owner/consumer; absence from I03 does not prove orphan or unused.
RIV-RAW-4F18D2,NO_I03_RAW,NEEDS_CONSUMER_EDGE,Trace owner/consumer; absence from I03 does not prove orphan or unused.
RIV-RAW-4F19D2,NO_I03_RAW,NEEDS_CONSUMER_EDGE,Trace owner/consumer; absence from I03 does not prove orphan or unused.
RIV-RAW-4F1AD2,NO_I03_RAW,NEEDS_CONSUMER_EDGE,Trace owner/consumer; absence from I03 does not prove orphan or unused.
CREDIT-7A398A,NO_I03_CREDIT_STREAM,NEEDS_CONSUMER_EDGE,Trace owner/consumer; absence from I03 does not prove orphan or unused.
CREDIT-7A399A,NO_I03_CREDIT_STREAM,NEEDS_CONSUMER_EDGE,Trace owner/consumer; absence from I03 does not prove orphan or unused.
CREDIT-7A39C1,NO_I03_CREDIT_STREAM,NEEDS_CONSUMER_EDGE,Trace owner/consumer; absence from I03 does not prove orphan or unused.
CREDIT-7A39E8,NO_I03_CREDIT_STREAM,NEEDS_CONSUMER_EDGE,Trace owner/consumer; absence from I03 does not prove orphan or unused.
CREDIT-7A3A07,NO_I03_CREDIT_STREAM,NEEDS_CONSUMER_EDGE,Trace owner/consumer; absence from I03 does not prove orphan or unused.
CREDIT-7A3A1F,NO_I03_CREDIT_STREAM,NEEDS_CONSUMER_EDGE,Trace owner/consumer; absence from I03 does not prove orphan or unused.
RIV-LZ-4F48AC,WIDTH_VISUAL,NEEDS_VISUAL,Validate real consumer rectangle; proxy=309 px.
RIV-LZ-57CE60,WIDTH_VISUAL,NEEDS_VISUAL,Validate real consumer rectangle; proxy=285 px.
RIV-SCRIPT-66193C,WIDTH_VISUAL,NEEDS_VISUAL,Validate real consumer rectangle; proxy=279 px.
RIV-LZ-68916E,WIDTH_VISUAL,NEEDS_VISUAL,Validate real consumer rectangle; proxy=264 px.
RIV-LZ-6C0DB8,WIDTH_VISUAL,NEEDS_VISUAL,Validate real consumer rectangle; proxy=264 px.
RIV-LZ-6C1642,WIDTH_VISUAL,NEEDS_VISUAL,Validate real consumer rectangle; proxy=264 px.
RIV-LZ-6C1EBA,WIDTH_VISUAL,NEEDS_VISUAL,Validate real consumer rectangle; proxy=264 px.
RIV-LZ-6C27BE,WIDTH_VISUAL,NEEDS_VISUAL,Validate real consumer rectangle; proxy=264 px.
RIV-LZ-6C2FDC,WIDTH_VISUAL,NEEDS_VISUAL,Validate real consumer rectangle; proxy=264 px.
RIV-LZ-6C37CA,WIDTH_VISUAL,NEEDS_VISUAL,Validate real consumer rectangle; proxy=264 px.
RIV-LZ-6C4104,WIDTH_VISUAL,NEEDS_VISUAL,Validate real consumer rectangle; proxy=264 px.
RIV-LZ-6C4986,WIDTH_VISUAL,NEEDS_VISUAL,Validate real consumer rectangle; proxy=264 px.
RIV-LZ-6C5154,WIDTH_VISUAL,NEEDS_VISUAL,Validate real consumer rectangle; proxy=264 px.
RIV-LZ-57CD0A,WIDTH_VISUAL,NEEDS_VISUAL,Validate real consumer rectangle; proxy=258 px.
RIV-LZ-688F4E,WIDTH_VISUAL,NEEDS_VISUAL,Validate real consumer rectangle; proxy=237 px.
