frame,glyph,ax,dest1,dest2,return_ip,return_cs
871,276,1026,28672,29120,22300,8192
871,313,1028,28704,29152,22300,8192
871,300,1030,28736,29184,22300,8192
871,308,1024,28800,29248,22300,8192
871,307,1026,28832,29280,22300,8192
871,304,1028,28864,29312,22300,8192
871,309,1030,28896,29344,22300,8192
871,288,514,29568,30016,22300,8192
871,289,516,29600,30048,22300,8192
871,287,518,29632,30080,22300,8192
871,138,512,29696,30144,22300,8192
871,335,514,29728,30176,22300,8192
871,262,516,29760,30208,22300,8192
871,265,518,29792,30240,22300,8192