frame,di,cx,ax,dest1,dest2,return_ip,return_cs
1,47751,0,770,22432,22784,53474,0
610,58836,0,770,22432,22784,53474,0
1035,59524,448,1029,45344,45792,53284,25608
1039,43753,448,261,46240,46688,53284,25600
1044,47230,448,1541,46688,47136,53284,642
1050,47742,3584,514,41760,42208,54918,0
1051,55139,0,1566,43968,44416,53413,43984
1080,47742,0,770,22432,22784,53474,0
1404,55611,0,770,22432,22784,53474,0
1841,54811,0,770,22432,22784,53474,0
2305,59524,448,1029,45344,45792,53284,25608
2309,43753,448,261,46240,46688,53284,25600
2314,47230,448,1541,46688,47136,53284,642
2321,47751,3584,514,41760,42208,54918,0
2322,39551,0,1566,43968,44416,53413,43824
2356,47751,0,770,22432,22784,53474,0