frame,call,di,si,cx,bx,ds,return
0,21777,5520,116A,0280,0100,0000,4000:5AB8
0,21B01,D996,116A,0020,0019,0000,4000:5AFB
0,21B01,57A0,116A,01C0,1B1D,0000,4000:5B05
0,2277D,57A0,DA76,0070,1BB8,0000,4000:5B28
9,2254E,D996,B38A,000B,B38A,D000,2000:B4FC
15,21777,C0FC,C0FC,002A,04A9,0000,2000:0DFA
15,21777,C126,C126,002A,00BD,0000,2000:0DFA
15,21777,C150,C150,002A,0000,0000,2000:0DFA
15,21777,C17A,C17A,002A,04A9,0000,2000:0DFA
19,2254E,D996,B60A,000B,B60A,D000,2000:B4FC
19,2254E,DB96,D404,0000,D404,D000,2000:B4FC
19,2254E,DD96,F4F0,0200,F4F0,D000,2000:B573
19,2254E,DE56,F57C,00C0,F57C,D000,2000:B573
27,2254E,D996,D55A,000B,D55A,D000,2000:B4FC
27,2254E,DB96,F4F0,0200,F4F0,D000,2000:B573
27,2254E,DC56,F57C,00C0,F57C,D000,2000:B573
33,2254E,D996,D7EE,000B,D7EE,D000,2000:B4FC
33,2254E,DB96,FC64,0200,FC64,D000,2000:B573
33,2254E,DD76,F5A6,01E0,F5A6,D000,2000:B573
41,2254E,D996,D944,000B,D944,D000,2000:B4FC
41,2254E,DB96,FD22,0200,FD22,D000,2000:B573
41,2254E,DC16,F5A6,0080,F5A6,D000,2000:B573
49,2254E,D996,DA98,000B,DA98,D000,2000:B4FC
49,2254E,DB96,F5A6,0200,F5A6,D000,2000:B573
49,2254E,DC56,0000,0000,0000,8000,2000:B573
54,2254E,D996,D6A2,000B,D6A2,D000,2000:B4FC
54,2254E,DB96,F5A6,0200,F5A6,D000,2000:B573
54,2254E,DC56,003E,0025,003E,8000,2000:B573
55,21777,8E00,152E,01A0,1303,0000,2000:9E19
55,21777,9180,152E,01A0,1302,0000,2000:9E19
55,21777,9500,152E,01A0,1301,0000,2000:9E19
55,2254E,D996,C7CE,0023,C7CE,4000,2000:B4FC
57,2254E,5A60,3848,00B4,003C,9000,2000:96B1
57,2254E,5DE0,C1B8,0380,0004,9000,2000:96C1
57,2277D,5D60,C250,0040,0000,9000,2000:9712
57,2277D,5F20,C2D0,0040,0000,9000,2000:971D
58,2254E,D996,CA82,0023,CA82,4000,2000:B4FC
63,2254E,D996,D73E,0023,D73E,4000,2000:B4FC
64,2254E,D996,DBE2,000B,DBE2,D000,2000:B4FC
64,2254E,DB96,F71C,0200,F71C,D000,2000:B573
64,2254E,DCD6,00F4,0025,00F4,8000,2000:B573
67,2254E,D996,D82A,0023,D82A,4000,2000:B4FC
69,2254E,D996,DD38,000B,DD38,D000,2000:B4FC
69,2254E,DB96,F632,0200,F632,D000,2000:B573
71,2254E,D996,D73E,0023,D73E,4000,2000:B4FC
72,2254E,D996,01C2,0025,01C2,8000,2000:B573
73,2254E,D996,DE76,000B,DE76,D000,2000:B4FC
73,2254E,DB96,F7F6,0200,F7F6,D000,2000:B573
75,2254E,D996,D82A,0023,D82A,4000,2000:B4FC
79,21777,CC52,C126,001A,0021,0000,2000:B349
79,21777,C126,C126,002A,00AA,0000,2000:0DFA
79,2254E,D996,D73E,0023,D73E,4000,2000:B4FC
80,21777,C0FC,C0FC,002A,000B,0000,2000:0DFA
83,2254E,D996,DFC8,000B,DFC8,D000,2000:B4FC
83,2254E,DB96,FD6A,0200,FD6A,D000,2000:B573
83,2254E,DD96,F88C,0200,F88C,D000,2000:B573
83,2254E,DF76,D82A,0023,D82A,4000,2000:B4FC
87,2254E,D996,CA82,0023,CA82,4000,2000:B4FC
88,21777,C17A,C17A,002A,0012,0000,2000:0DFA
89,2254E,D996,E114,000B,E114,D000,2000:B4FC
89,2254E,DB96,FE0A,0200,FE0A,D000,2000:B573
89,2254E,DC56,F88C,00C0,F88C,D000,2000:B573
93,2254E,D996,E266,000B,E266,D000,2000:B4FC
93,2254E,DB96,4CA6,0200,4CA6,E000,2000:B573
93,2254E,DBB6,4AA2,0020,4AA2,E000,2000:B573
93,2254E,DC76,0000,0000,0000,8000,2000:B573
98,2254E,D996,003E,0025,003E,8000,2000:B573
99,2254E,D996,C7CE,0021,C7CE,4000,2000:B4FC
101,2254E,D996,E3B2,000B,E3B2,D000,2000:B4FC
101,2254E,DB96,F954,0200,F954,D000,2000:B573
101,2254E,5A60,4190,000A,0046,9000,2000:96B1
101,2254E,5DE0,C1B8,0380,0004,9000,2000:96C1
101,2277D,5D60,C350,0040,0100,9000,2000:9712
101,2277D,5F20,C3D0,0040,0100,9000,2000:971D
103,2254E,D996,CA82,0021,CA82,4000,2000:B4FC
106,2254E,D996,E510,000B,E510,D000,2000:B4FC
106,2254E,DB96,F954,0200,F954,D000,2000:B573
108,2254E,D996,D73E,0021,D73E,4000,2000:B4FC
109,2254E,D996,00F4,0025,00F4,8000,2000:B573
111,2254E,D996,E672,000B,E672,D000,2000:B4FC
111,2254E,DB96,FE6E,0200,FE6E,D000,2000:B573
111,2254E,DD76,F57C,01E0,F57C,D000,2000:B573
111,2254E,DDF6,F5A6,0080,F5A6,D000,2000:B573
112,2254E,D996,D82A,0021,D82A,4000,2000:B4FC
115,21777,CC6C,C150,001A,D33E,0000,2000:B349
115,21777,C150,C150,002A,D33E,0000,2000:0DFA
116,2254E,D996,E7F8,000B,E7F8,D000,2000:B4FC
116,2254E,DB96,FF24,0200,FF24,D000,2000:B573
116,2254E,DC56,F5A6,00C0,F5A6,D000,2000:B573
116,2254E,DD16,F57C,00C0,F57C,D000,2000:B573
116,2254E,DD96,D73E,0021,D73E,4000,2000:B4FC
117,2254E,D996,01C2,0025,01C2,8000,2000:B573
120,2254E,D996,D82A,0021,D82A,4000,2000:B4FC
122,2254E,D996,E980,000B,E980,D000,2000:B4FC
122,2254E,DB96,F5A6,0200,F5A6,D000,2000:B573
122,2254E,DC56,4B1E,00C0,4B1E,E000,2000:B573
122,2254E,DC96,0000,0007,0000,8000,2000:B573
124,21777,CC52,C126,001A,001E,0000,2000:B349
124,21777,C126,C126,002A,00AA,0000,2000:0DFA
124,2254E,D996,D73E,0021,D73E,4000,2000:B4FC
127,2254E,D996,003E,0020,003E,8000,2000:B573
128,2254E,D996,D82A,0021,D82A,4000,2000:B4FC
130,2254E,5A60,4B26,00C4,0050,9000,2000:96B1
130,2254E,5DE0,C1B8,0380,0004,9000,2000:96C1
130,2277D,5D60,C350,0040,0100,9000,2000:9712
130,2277D,5F20,C3D0,0040,0100,9000,2000:971D
132,2254E,D996,EAF8,000B,EAF8,D000,2000:B4FC
132,2254E,DB96,F9FE,0200,F9FE,D000,2000:B573
132,2254E,DCD6,CA82,0021,CA82,4000,2000:B4FC
133,21777,C1CE,C1CE,002A,0012,0000,2000:0DFA
137,2254E,D996,00F4,0020,00F4,8000,2000:B573
138,2254E,D996,EC44,000B,EC44,D000,2000:B4FC
138,2254E,DB96,FACC,0200,FACC,D000,2000:B573
138,2254E,DC16,FB22,0080,FB22,D000,2000:B573
145,2254E,D996,01C2,0020,01C2,8000,2000:B573
146,2254E,D996,ED9A,000B,ED9A,D000,2000:B4FC
146,2254E,DB96,FB22,0200,FB22,D000,2000:B573
146,2254E,DC56,FACC,00C0,FACC,D000,2000:B573
152,21777,CC6C,C1F8,001A,0024,0000,2000:B349
152,21777,C1F8,C1F8,002A,00AA,0000,2000:0DFA
153,21777,C0FC,C0FC,002A,0014,0000,2000:0DFA
153,21777,C150,C150,002A,D336,0000,2000:0DFA
158,2254E,D996,ED9A,000B,ED9A,D000,2000:B4FC
158,2254E,DB96,FF7E,0200,FF7E,D000,2000:B573
158,2254E,DBD6,FB22,0040,FB22,D000,2000:B573
158,2254E,DC96,FACC,00C0,FACC,D000,2000:B573
159,21777,CC86,C17A,001A,D346,0000,2000:B349
159,21777,C17A,C17A,002A,D346,0000,2000:0DFA
170,2254E,D996,ED9A,000B,ED9A,D000,2000:B4FC
170,2254E,DB96,0000,0200,0000,E000,2000:B573
170,2254E,DD16,FB22,0180,FB22,D000,2000:B573
170,2254E,DDD6,FACC,00C0,FACC,D000,2000:B573
182,2254E,D996,ED9A,000B,ED9A,D000,2000:B4FC
182,2254E,DB96,008A,0200,008A,E000,2000:B573
182,2254E,DC16,FB22,0080,FB22,D000,2000:B573
182,2254E,DCD6,FACC,00C0,FACC,D000,2000:B573
188,21777,CC52,C126,001A,D33A,0000,2000:B349
188,21777,C126,C126,002A,D33A,0000,2000:0DFA
192,2254E,D996,F0DE,000B,F0DE,D000,2000:B4FC
192,2254E,DB96,0270,0200,0270,E000,2000:B573
192,2254E,DCB6,00E2,0120,00E2,E000,2000:B573
192,2254E,DEB6,FC40,0200,FC40,D000,2000:B573
192,2254E,DED6,FBAE,0020,FBAE,D000,2000:B573
200,2254E,D996,F0DE,000B,F0DE,D000,2000:B4FC
200,2254E,DB96,0270,0200,0270,E000,2000:B573
200,2254E,DCB6,00E2,0120,00E2,E000,2000:B573
200,2254E,DEB6,FC40,0200,FC40,D000,2000:B573
200,2254E,DED6,FBAE,0020,FBAE,D000,2000:B573
206,2254E,D996,F240,000B,F240,D000,2000:B4FC
206,2254E,DB96,031A,0200,031A,E000,2000:B573
206,2254E,DC56,01C2,00C0,01C2,E000,2000:B573
206,2254E,DED6,FC40,0280,FC40,D000,2000:B573
206,2254E,DEF6,FBAE,0020,FBAE,D000,2000:B573
210,2254E,D996,F38E,000B,F38E,D000,2000:B4FC
210,2254E,DB96,FC40,0200,FC40,D000,2000:B573
210,2254E,DBB6,FBAE,0020,FBAE,D000,2000:B573
210,2254E,DC76,9A18,0010,9A18,8000,2000:B573
217,2254E,D996,998A,0025,998A,8000,2000:B573
223,2254E,D996,9C4C,0025,9C4C,8000,2000:B573
223,2254E,DD16,98CA,0380,98CA,8000,2000:B573
224,2254E,D996,C7CE,0023,C7CE,4000,2000:B4FC
226,2254E,5A60,54DA,010C,005A,9000,2000:96B1
226,2254E,5DE0,C1B8,0380,0004,9000,2000:96C1
226,2277D,5D60,C350,0040,0100,9000,2000:9712
226,2277D,5F20,C3D0,0040,0100,9000,2000:971D
227,2254E,D996,CA82,0023,CA82,4000,2000:B4FC
231,2254E,D996,9A40,0025,9A40,8000,2000:B573
232,2254E,D996,D73E,0023,D73E,4000,2000:B4FC
232,2254E,DAB6,ED70,0020,ED70,5000,2000:B4FC
235,2254E,D996,2586,0020,2586,6000,2000:B4FC
236,2254E,D996,D82A,0023,D82A,4000,2000:B4FC
238,2254E,D996,9BB2,0025,9BB2,8000,2000:B573
240,2254E,D996,D73E,0023,D73E,4000,2000:B4FC
241,2254E,D996,283C,0020,283C,6000,2000:B4FC
244,2254E,D996,9C16,0025,9C16,8000,2000:B573
244,2254E,D9D6,D82A,0023,D82A,4000,2000:B4FC
247,2254E,D996,2AD6,0020,2AD6,6000,2000:B4FC
248,2254E,D996,D73E,0023,D73E,4000,2000:B4FC
249,21777,CC52,C126,001A,0015,0000,2000:B349
251,21777,C126,C126,002A,CCFF,0000,2000:0DFA
251,2254E,D996,2D6C,0020,2D6C,6000,2000:B4FC
252,21777,C0FC,C0FC,002A,000C,0000,2000:0DFA
252,2254E,D996,D82A,0023,D82A,4000,2000:B4FC
255,2254E,D996,2AD6,0020,2AD6,6000,2000:B4FC
256,2254E,D996,CA82,0023,CA82,4000,2000:B4FC
257,21777,C17A,C17A,002A,0012,0000,2000:0DFA
259,2254E,D996,2D6C,0020,2D6C,6000,2000:B4FC
263,2254E,D996,2AD6,0020,2AD6,6000,2000:B4FC
267,2254E,D996,2D6C,0020,2D6C,6000,2000:B4FC
271,2254E,D996,2AD6,0020,2AD6,6000,2000:B4FC
275,2254E,D996,2AD6,0020,2AD6,6000,2000:B4FC
276,21777,C1F8,C1F8,002A,0018,0000,2000:0DFA
279,21777,CC6C,C150,001A,D336,0000,2000:B349
279,21777,C150,C150,002A,D336,0000,2000:0DFA
287,21777,CC86,C1CE,001A,D336,0000,2000:B349
287,21777,C1CE,C1CE,002A,D336,0000,2000:0DFA
322,21777,C1A4,116A,002A,000C,0000,2000:0DFA
323,21777,D7D0,116A,0024,000C,0000,2000:C3F6
323,21777,8E00,116A,01A0,0003,0000,2000:9F16
323,21777,9180,116A,01A0,0002,0000,2000:9F16
323,21777,9500,116A,01A0,0001,0000,2000:9F16
344,2254E,D996,F38E,000B,F38E,D000,2000:B4FC
344,2254E,DB96,FC40,0200,FC40,D000,2000:B573
344,2254E,DBB6,FBAE,0020,FBAE,D000,2000:B573
344,21B01,56C0,C054,0011,C321,0000,4000:59D5
344,21777,5600,C054,00C0,0116,0000,4000:5A42
345,21B01,56C0,C054,0011,CA21,0000,4000:59D5
345,21777,5600,C054,00C0,0216,0000,4000:5A42
346,21B01,56C0,C054,0011,D121,0000,4000:59D5
346,21777,5600,C054,00C0,0316,0000,4000:5A42
347,21B01,56C0,C054,0011,D721,0000,4000:59D5
347,21777,5600,C054,00C0,0416,0000,4000:5A42
348,21B01,56C0,C054,0011,DE21,0000,4000:59D5
348,21777,5600,C054,00C0,0516,0000,4000:5A42
349,21B01,56C0,C054,0011,E521,0000,4000:59D5
349,21777,5600,C054,00C0,0616,0000,4000:5A42
350,21B01,56C0,C054,0011,EB21,0000,4000:59D5
350,21777,5600,C054,00C0,0716,0000,4000:5A42
351,21B01,56C0,C054,0011,F221,0000,4000:59D5
351,21777,5600,C054,00C0,0816,0000,4000:5A42
352,21B01,56C0,C054,0011,F921,0000,4000:59D5
352,21777,5600,C054,00C0,0916,0000,4000:5A42
353,21B01,56C0,C054,0011,FF21,0000,4000:59D5
353,21777,5600,C054,00C0,0A16,0000,4000:5A42
354,21B01,56C0,C054,0011,FF21,0000,4000:59D5
354,21777,5600,C054,00C0,0B16,0000,4000:5A42
355,21B01,56C0,C054,0011,FF21,0000,4000:59D5
355,21777,5600,C054,00C0,0C16,0000,4000:5A42
356,21B01,56C0,C054,0011,FF21,0000,4000:59D5
356,21777,5600,C054,00C0,0D16,0000,4000:5A42
357,21B01,56C0,C054,0011,FF21,0000,4000:59D5
357,21777,5600,C054,00C0,0E16,0000,4000:5A42
358,21B01,56C0,C054,0011,FF21,0000,4000:59D5
358,21777,5600,C054,00C0,0F16,0000,4000:5A42
359,21B01,56C0,C054,0011,FF21,0000,4000:59D5
359,21777,5600,C054,00C0,1016,0000,4000:5A42
360,21B01,56C0,C054,0011,FF21,0000,4000:59D5
360,21777,5600,C054,00C0,1116,0000,4000:5A42
361,21B01,56C0,C054,0011,FF21,0000,4000:59D5
361,21777,5600,C054,00C0,1216,0000,4000:5A42
362,21B01,56C0,C054,0011,FF21,0000,4000:59D5
362,21777,5600,C054,00C0,1316,0000,4000:5A42
363,21B01,56C0,C054,0011,FF21,0000,4000:59D5
363,21777,5600,C054,00C0,1416,0000,4000:5A42
364,21B01,56C0,C054,0011,FF21,0000,4000:59D5
364,21777,5600,C054,00C0,1516,0000,4000:5A42
365,21B01,56C0,C054,0011,FF21,0000,4000:59D5
365,21777,5600,C054,00C0,1616,0000,4000:5A42
366,21B01,56C0,C054,0011,FF21,0000,4000:59D5
366,21777,5600,C054,00C0,1716,0000,4000:5A42
367,21B01,56C0,C054,0011,FF21,0000,4000:59D5
367,21777,5600,C054,00C0,1816,0000,4000:5A42
368,21B01,56C0,C054,0011,FF21,0000,4000:59D5
368,21777,5600,C054,00C0,1916,0000,4000:5A42
369,21B01,56C0,C054,0011,FF21,0000,4000:59D5
369,21777,5600,C054,00C0,1A16,0000,4000:5A42
370,21B01,56C0,C054,0011,FF21,0000,4000:59D5
370,21777,5600,C054,00C0,1B16,0000,4000:5A42
371,21B01,56C0,C054,0011,FF21,0000,4000:59D5
371,21777,5600,C054,00C0,1C16,0000,4000:5A42
372,21B01,56C0,C054,0011,FF21,0000,4000:59D5
372,21777,5600,C054,00C0,1D16,0000,4000:5A42
373,21B01,56C0,C054,0011,FF21,0000,4000:59D5
373,21777,5600,C054,00C0,1E16,0000,4000:5A42
374,21B01,56C0,C054,0011,FF21,0000,4000:59D5
374,21777,5600,C054,00C0,1F16,0000,4000:5A42
375,21B01,56C0,C054,0011,FF21,0000,4000:59D5
375,21777,5600,C054,00C0,2016,0000,4000:5A42
376,21B01,56C0,C054,0011,FF21,0000,4000:59D5
376,21777,5600,C054,00C0,2116,0000,4000:5A42
377,21B01,56C0,C054,0011,FF21,0000,4000:59D5
377,21777,5600,C054,00C0,2216,0000,4000:5A42
378,21B01,56C0,C054,0011,FF21,0000,4000:59D5
378,21777,5600,C054,00C0,2316,0000,4000:5A42
379,21B01,56C0,C054,0011,FF21,0000,4000:59D5
379,21777,5600,C054,00C0,2416,0000,4000:5A42
380,21B01,56C0,C054,0011,FF21,0000,4000:59D5
380,21777,5600,C054,00C0,2516,0000,4000:5A42
381,21B01,56C0,C054,0011,FF21,0000,4000:59D5
381,21777,5600,C054,00C0,2616,0000,4000:5A42
382,21B01,56C0,C054,0011,FF21,0000,4000:59D5
382,21777,5600,C054,00C0,2716,0000,4000:5A42
383,21B01,56C0,C054,0011,FF21,0000,4000:59D5
383,21777,5600,C054,00C0,2816,0000,4000:5A42
384,21B01,56C0,C054,0011,FF21,0000,4000:59D5
384,21777,5600,C054,00C0,2916,0000,4000:5A42
385,21B01,56C0,C054,0011,FF21,0000,4000:59D5
385,21777,5600,C054,00C0,2A16,0000,4000:5A42
386,21B01,56C0,C054,0011,FF21,0000,4000:59D5
386,21777,5600,C054,00C0,2B16,0000,4000:5A42
387,21B01,56C0,C054,0011,FF21,0000,4000:59D5
387,21777,5600,C054,00C0,2C16,0000,4000:5A42
388,21B01,56C0,C054,0011,FF21,0000,4000:59D5
388,21777,5600,C054,00C0,2D16,0000,4000:5A42
389,21B01,56C0,C054,0011,FF21,0000,4000:59D5
389,21777,5600,C054,00C0,2E16,0000,4000:5A42
390,21B01,56C0,C054,0011,FF21,0000,4000:59D5
390,21777,5600,C054,00C0,2F16,0000,4000:5A42
391,21B01,56C0,C054,0011,FF21,0000,4000:59D5
391,21777,5600,C054,00C0,3016,0000,4000:5A42
392,21B01,56C0,C054,0011,FF21,0000,4000:59D5
392,21777,5600,C054,00C0,3116,0000,4000:5A42
393,21B01,56C0,C054,0011,FF21,0000,4000:59D5
393,21777,5600,C054,00C0,3216,0000,4000:5A42
490,21777,C126,C126,002A,D34A,0000,2000:0DFA
491,21777,15C6,C150,0010,0000,0000,6000:12FC
491,21777,C150,C150,002A,00E8,0000,2000:0DFA
492,2254E,D996,B38A,0064,B38A,D000,2000:B4FC
492,2254E,DB96,0DA4,0064,0DA4,5000,2000:B4FC
492,2254E,DD96,C7CE,0064,C7CE,4000,2000:B4FC
492,2254E,DEB6,ED70,0064,ED70,5000,2000:B4FC
492,2254E,E1D6,F91A,0064,F91A,6000,2000:B4FC
492,21777,C0FC,C0FC,002A,012A,0000,2000:0DFA
493,21B01,56C0,C054,0011,FF21,0000,4000:59D5
493,21777,5600,C054,00C0,3216,0000,4000:5A42
495,21777,5FA0,C000,0100,0000,0000,4000:4465
495,21777,61A0,C000,0100,0200,0000,4000:4465
495,21777,62A0,C000,0100,0300,0000,4000:4465
495,21777,63A0,C000,0100,0400,0000,4000:4465
495,21777,65A0,C000,0100,0600,0000,4000:4465
502,2254E,D996,B4C4,000B,B4C4,D000,2000:B4FC
503,21777,C126,C126,002A,0200,0000,2000:0DFA
508,2254E,D996,0ED4,0007,0ED4,5000,2000:B4FC
508,2254E,DB96,C8B6,0006,C8B6,4000,2000:B4FC
508,2254E,DCB6,F00E,0005,F00E,5000,2000:B4FC
508,2254E,DFD6,FAB4,0001,FAB4,6000,2000:B4FC
512,2254E,D996,B38A,000B,B38A,D000,2000:B4FC
520,2254E,D996,0DA4,0007,0DA4,5000,2000:B4FC
522,2254E,D996,B60A,000B,B60A,D000,2000:B4FC
523,2254E,D996,C99C,0006,C99C,4000,2000:B4FC
523,2254E,DAB6,F2A4,0005,F2A4,5000,2000:B4FC
523,2254E,DDD6,FC4E,0001,FC4E,6000,2000:B4FC
532,2254E,D996,B38A,000B,B38A,D000,2000:B4FC
532,2254E,DB96,0FFC,0007,0FFC,5000,2000:B4FC
537,21777,5FA0,C000,0100,0000,0000,4000:4465
537,21777,61A0,C000,0100,0200,0000,4000:4465
537,21777,62A0,C000,0100,0300,0000,4000:4465
537,21777,63A0,C000,0100,0400,0000,4000:4465
537,21777,65A0,C000,0100,0600,0000,4000:4465
537,21B01,56C0,C054,0011,FF21,0000,4000:59D5
537,21777,5600,C054,00C0,3116,0000,4000:5A42
538,2254E,D996,C7CE,0006,C7CE,4000,2000:B4FC
538,2254E,DAB6,ED70,0005,ED70,5000,2000:B4FC
538,2254E,DDD6,F91A,0001,F91A,6000,2000:B4FC
539,21777,5FA0,C000,0100,0000,0000,4000:4465
539,21777,61A0,C000,0100,0200,0000,4000:4465
539,21777,62A0,C000,0100,0300,0000,4000:4465
539,21777,63A0,C000,0100,0400,0000,4000:4465
539,21777,65A0,C000,0100,0600,0000,4000:4465
539,21B01,56C0,C054,0011,FF21,0000,4000:59D5
539,21777,5600,C054,00C0,3016,0000,4000:5A42
541,21777,5FA0,C000,0100,0000,0000,4000:4465
541,21777,61A0,C000,0100,0200,0000,4000:4465
541,21777,62A0,C000,0100,0300,0000,4000:4465
541,21777,63A0,C000,0100,0400,0000,4000:4465
541,21777,65A0,C000,0100,0600,0000,4000:4465
541,21B01,56C0,C054,0011,FF21,0000,4000:59D5
541,21777,5600,C054,00C0,2F16,0000,4000:5A42
542,2254E,D996,B4C4,000B,B4C4,D000,2000:B4FC
543,21777,5FA0,C000,0100,0000,0000,4000:4465
543,21777,61A0,C000,0100,0200,0000,4000:4465
543,21777,62A0,C000,0100,0300,0000,4000:4465
543,21777,63A0,C000,0100,0400,0000,4000:4465
543,21777,65A0,C000,0100,0600,0000,4000:4465
543,21B01,56C0,C054,0011,FF21,0000,4000:59D5
543,21777,5600,C054,00C0,2E16,0000,4000:5A42
544,2254E,D996,0DA4,0007,0DA4,5000,2000:B4FC
545,21777,5FA0,C000,0100,0000,0000,4000:4465
545,21777,61A0,C000,0100,0200,0000,4000:4465
545,21777,62A0,C000,0100,0300,0000,4000:4465
545,21777,63A0,C000,0100,0400,0000,4000:4465
545,21777,65A0,C000,0100,0600,0000,4000:4465
545,21B01,56C0,C054,0011,FF21,0000,4000:59D5
545,21777,5600,C054,00C0,2D16,0000,4000:5A42
547,21777,5FA0,C000,0100,0000,0000,4000:4465
547,21777,61A0,C000,0100,0200,0000,4000:4465
547,21777,62A0,C000,0100,0300,0000,4000:4465
547,21777,63A0,C000,0100,0400,0000,4000:4465
547,21777,65A0,C000,0100,0600,0000,4000:4465
547,21B01,56C0,C054,0011,FF21,0000,4000:59D5
547,21777,5600,C054,00C0,2C16,0000,4000:5A42
549,21777,5FA0,C000,0100,0000,0000,4000:4465
549,21777,61A0,C000,0100,0200,0000,4000:4465
549,21777,62A0,C000,0100,0300,0000,4000:4465
549,21777,63A0,C000,0100,0400,0000,4000:4465
549,21777,65A0,C000,0100,0600,0000,4000:4465
549,21B01,56C0,C054,0011,FF21,0000,4000:59D5
549,21777,5600,C054,00C0,2B16,0000,4000:5A42
551,21777,5FA0,C000,0100,0000,0000,4000:4465
551,21777,61A0,C000,0100,0200,0000,4000:4465
551,21777,62A0,C000,0100,0300,0000,4000:4465
551,21777,63A0,C000,0100,0400,0000,4000:4465
551,21777,65A0,C000,0100,0600,0000,4000:4465
551,21B01,56C0,C054,0011,FF21,0000,4000:59D5
551,21777,5600,C054,00C0,2A16,0000,4000:5A42
552,2254E,D996,B38A,000B,B38A,D000,2000:B4FC
553,2254E,D996,C8B6,0006,C8B6,4000,2000:B4FC
553,2254E,DAB6,F00E,0005,F00E,5000,2000:B4FC
553,2254E,DDD6,FAB4,0001,FAB4,6000,2000:B4FC
553,21777,5FA0,C000,0100,0000,0000,4000:4465
553,21777,61A0,C000,0100,0200,0000,4000:4465
553,21777,62A0,C000,0100,0300,0000,4000:4465
553,21777,63A0,C000,0100,0400,0000,4000:4465
553,21777,65A0,C000,0100,0600,0000,4000:4465
553,21B01,56C0,C054,0011,FF21,0000,4000:59D5
553,21777,5600,C054,00C0,2916,0000,4000:5A42
555,21777,5FA0,C000,0100,0000,0000,4000:4465
555,21777,61A0,C000,0100,0200,0000,4000:4465
555,21777,62A0,C000,0100,0300,0000,4000:4465
555,21777,63A0,C000,0100,0400,0000,4000:4465
555,21777,65A0,C000,0100,0600,0000,4000:4465
555,21B01,56C0,C054,0011,FF21,0000,4000:59D5
555,21777,5600,C054,00C0,2816,0000,4000:5A42
557,21777,5FA0,C000,0100,0000,0000,4000:4465
557,21777,61A0,C000,0100,0200,0000,4000:4465
557,21777,62A0,C000,0100,0300,0000,4000:4465
557,21777,63A0,C000,0100,0400,0000,4000:4465
557,21777,65A0,C000,0100,0600,0000,4000:4465
557,21B01,56C0,C054,0011,FF21,0000,4000:59D5
557,21777,5600,C054,00C0,2716,0000,4000:5A42
559,2254E,D996,0ED4,0007,0ED4,5000,2000:B4FC
559,21777,5FA0,C000,0100,0000,0000,4000:4465
559,21777,61A0,C000,0100,0200,0000,4000:4465
559,21777,62A0,C000,0100,0300,0000,4000:4465
559,21777,63A0,C000,0100,0400,0000,4000:4465
559,21777,65A0,C000,0100,0600,0000,4000:4465
559,21B01,56C0,C054,0011,FF21,0000,4000:59D5
559,21777,5600,C054,00C0,2616,0000,4000:5A42
561,21777,5FA0,C000,0100,0000,0000,4000:4465
561,21777,61A0,C000,0100,0200,0000,4000:4465
561,21777,62A0,C000,0100,0300,0000,4000:4465
561,21777,63A0,C000,0100,0400,0000,4000:4465
561,21777,65A0,C000,0100,0600,0000,4000:4465
561,21B01,56C0,C054,0011,FF21,0000,4000:59D5
561,21777,5600,C054,00C0,2516,0000,4000:5A42
562,2254E,D996,B60A,000B,B60A,D000,2000:B4FC
563,21777,5FA0,C000,0100,0000,0000,4000:4465
563,21777,61A0,C000,0100,0200,0000,4000:4465
563,21777,62A0,C000,0100,0300,0000,4000:4465
563,21777,63A0,C000,0100,0400,0000,4000:4465
563,21777,65A0,C000,0100,0600,0000,4000:4465
563,21B01,56C0,C054,0011,FF21,0000,4000:59D5
563,21777,5600,C054,00C0,2416,0000,4000:5A42
564,21B01,56C0,C054,0011,FF21,0000,4000:59D5
564,21777,5600,C054,00C0,2416,0000,4000:5A42
568,2254E,D996,C99C,0006,C99C,4000,2000:B4FC
568,2254E,DAB6,F2A4,0005,F2A4,5000,2000:B4FC
568,2254E,DDD6,FC4E,0001,FC4E,6000,2000:B4FC
571,2254E,D996,0DA4,0007,0DA4,5000,2000:B4FC
572,2254E,D996,B38A,000B,B38A,D000,2000:B4FC
572,21777,D8F4,11BE,00A0,0024,0000,2000:2EBC
582,2254E,D996,B4C4,000B,B4C4,D000,2000:B4FC
583,2254E,D996,0FFC,0007,0FFC,5000,2000:B4FC
583,2254E,DB96,C7CE,0006,C7CE,4000,2000:B4FC
583,2254E,DCB6,ED70,0005,ED70,5000,2000:B4FC
583,2254E,DFD6,F91A,0001,F91A,6000,2000:B4FC
592,2254E,D996,B38A,000B,B38A,D000,2000:B4FC
595,2254E,D996,0DA4,0007,0DA4,5000,2000:B4FC
597,21B01,56C0,C054,0011,FF21,0000,4000:59D5
597,21777,5600,C054,00C0,2416,0000,4000:5A42
597,21777,CE38,11BE,000B,003C,0000,2000:8AEB
598,2254E,D996,FAB4,0001,FAB4,6000,2000:B4FC
606,21777,C738,11BE,002A,0024,0000,2000:0DFA
606,21777,15C6,C0FC,0010,0000,0000,6000:12FC
606,21777,2800,C0FC,0800,0000,0000,2000:20C7
607,21777,C0FC,C0FC,002A,001C,0000,2000:0DFA
609,21777,1678,11BE,0050,0018,0000,2000:9A81
609,21777,CC52,11BE,01A0,0018,0000,2000:B32B
609,21777,5520,11BE,0280,0000,0000,4000:5AB8
609,21B01,D996,11BE,0020,001B,0000,4000:5AFB
609,21B01,57A0,11BE,01C0,1B1D,0000,4000:5B05
609,2277D,57A0,DA76,0070,1BB8,0000,4000:5B28
616,2254E,D996,FC4E,0001,FC4E,6000,2000:B4FC
625,21777,C0FC,C0FC,002A,04A9,0000,2000:0DFA
625,21777,C126,C126,002A,00BD,0000,2000:0DFA
625,21777,C150,C150,002A,0000,0000,2000:0DFA
625,21777,C17A,C17A,002A,04A9,0000,2000:0DFA
629,2254E,D996,F91A,0000,F91A,6000,2000:B4FC
649,2254E,D996,018A,0001,018A,7000,2000:B4FC
659,2254E,D996,0A50,0001,0A50,7000,2000:B4FC
669,2254E,D996,0BF4,0001,0BF4,7000,2000:B4FC
669,2254E,DB96,0D3C,0200,0D3C,7000,2000:B573
669,2254E,DD96,0DA2,0200,0DA2,7000,2000:B573
699,21777,D7D0,11BE,0024,0018,0000,2000:C3F6
700,2254E,D996,D68E,0000,D68E,A000,2000:B573
706,2254E,D996,D6FA,0025,D6FA,A000,2000:B573
712,2254E,D996,D84E,0025,D84E,A000,2000:B573
718,2254E,D996,D98A,0025,D98A,A000,2000:B573
724,2254E,D996,DA46,0025,DA46,A000,2000:B573
731,21777,CC52,C126,001A,0024,0000,2000:B349
731,21777,C126,C126,002A,00C8,0000,2000:0DFA
779,21777,CC52,C126,001A,D33E,0000,2000:B349
779,21777,C126,C126,002A,D33E,0000,2000:0DFA
780,21777,C0FC,C0FC,002A,0008,0000,2000:0DFA
800,2254E,D996,0BF4,0001,0BF4,7000,2000:B4FC
800,2254E,DB96,0D3C,0200,0D3C,7000,2000:B573
800,2254E,DD96,0DA2,0200,0DA2,7000,2000:B573
800,21B01,56C0,C054,0011,FF21,0000,4000:59D5
800,21777,5600,C054,00C0,2416,0000,4000:5A42
871,21777,7000,C126,0940,001C,0000,5000:280D
900,21777,C126,C126,002A,021C,0000,2000:0DFA
901,21777,15C6,C150,0010,0000,0000,6000:12FC
901,21777,C150,C150,002A,00E8,0000,2000:0DFA
902,2254E,D996,B38A,0064,B38A,D000,2000:B4FC
902,2254E,DB96,0DA4,0064,0DA4,5000,2000:B4FC
902,2254E,DD96,C7CE,0064,C7CE,4000,2000:B4FC
902,2254E,DEB6,ED70,0064,ED70,5000,2000:B4FC
902,2254E,E1D6,F91A,0064,F91A,6000,2000:B4FC
902,21777,C0FC,C0FC,002A,012A,0000,2000:0DFA
903,21B01,56C0,C054,0011,FF21,0000,4000:59D5
903,21777,5600,C054,00C0,2416,0000,4000:5A42
905,21777,5FA0,C000,0100,0000,0000,4000:4465
905,21777,61A0,C000,0100,0200,0000,4000:4465
905,21777,62A0,C000,0100,0300,0000,4000:4465
905,21777,63A0,C000,0100,0400,0000,4000:4465
905,21777,65A0,C000,0100,0600,0000,4000:4465
913,2254E,D996,B4C4,000B,B4C4,D000,2000:B4FC
913,21777,C126,C126,002A,0200,0000,2000:0DFA
917,2254E,D996,FAB4,0001,FAB4,6000,2000:B4FC
918,2254E,D996,0ED4,0007,0ED4,5000,2000:B4FC
918,2254E,DB96,C8B6,0006,C8B6,4000,2000:B4FC
918,2254E,DCB6,F00E,0005,F00E,5000,2000:B4FC
923,2254E,D996,B38A,000B,B38A,D000,2000:B4FC
930,2254E,D996,0DA4,0007,0DA4,5000,2000:B4FC
932,2254E,D996,FC4E,0001,FC4E,6000,2000:B4FC
933,2254E,D996,B60A,000B,B60A,D000,2000:B4FC
933,2254E,DB96,C99C,0006,C99C,4000,2000:B4FC
933,2254E,DCB6,F2A4,0005,F2A4,5000,2000:B4FC
942,2254E,D996,0FFC,0007,0FFC,5000,2000:B4FC
943,2254E,D996,B38A,000B,B38A,D000,2000:B4FC
947,2254E,D996,F91A,0001,F91A,6000,2000:B4FC
947,21777,5FA0,C000,0100,0000,0000,4000:4465
947,21777,61A0,C000,0100,0200,0000,4000:4465
947,21777,62A0,C000,0100,0300,0000,4000:4465
947,21777,63A0,C000,0100,0400,0000,4000:4465
947,21777,65A0,C000,0100,0600,0000,4000:4465
947,21B01,56C0,C054,0011,FF21,0000,4000:59D5
947,21777,5600,C054,00C0,2316,0000,4000:5A42
948,2254E,D996,C7CE,0006,C7CE,4000,2000:B4FC
948,2254E,DAB6,ED70,0005,ED70,5000,2000:B4FC
949,21777,5FA0,C000,0100,0000,0000,4000:4465
949,21777,61A0,C000,0100,0200,0000,4000:4465
949,21777,62A0,C000,0100,0300,0000,4000:4465
949,21777,63A0,C000,0100,0400,0000,4000:4465
949,21777,65A0,C000,0100,0600,0000,4000:4465
949,21B01,56C0,C054,0011,FF21,0000,4000:59D5
949,21777,5600,C054,00C0,2216,0000,4000:5A42
951,21777,5FA0,C000,0100,0000,0000,4000:4465
951,21777,61A0,C000,0100,0200,0000,4000:4465
951,21777,62A0,C000,0100,0300,0000,4000:4465
951,21777,63A0,C000,0100,0400,0000,4000:4465
951,21777,65A0,C000,0100,0600,0000,4000:4465
951,21B01,56C0,C054,0011,FF21,0000,4000:59D5
951,21777,5600,C054,00C0,2116,0000,4000:5A42
953,2254E,D996,B4C4,000B,B4C4,D000,2000:B4FC
953,21777,5FA0,C000,0100,0000,0000,4000:4465
953,21777,61A0,C000,0100,0200,0000,4000:4465
953,21777,62A0,C000,0100,0300,0000,4000:4465
953,21777,63A0,C000,0100,0400,0000,4000:4465
953,21777,65A0,C000,0100,0600,0000,4000:4465
953,21B01,56C0,C054,0011,FF21,0000,4000:59D5
953,21777,5600,C054,00C0,2016,0000,4000:5A42
954,2254E,D996,0DA4,0007,0DA4,5000,2000:B4FC
955,21777,5FA0,C000,0100,0000,0000,4000:4465
955,21777,61A0,C000,0100,0200,0000,4000:4465
955,21777,62A0,C000,0100,0300,0000,4000:4465
955,21777,63A0,C000,0100,0400,0000,4000:4465
955,21777,65A0,C000,0100,0600,0000,4000:4465
955,21B01,56C0,C054,0011,FF21,0000,4000:59D5
955,21777,5600,C054,00C0,1F16,0000,4000:5A42
957,21777,5FA0,C000,0100,0000,0000,4000:4465
957,21777,61A0,C000,0100,0200,0000,4000:4465
957,21777,62A0,C000,0100,0300,0000,4000:4465
957,21777,63A0,C000,0100,0400,0000,4000:4465
957,21777,65A0,C000,0100,0600,0000,4000:4465
957,21B01,56C0,C054,0011,FF21,0000,4000:59D5
957,21777,5600,C054,00C0,1E16,0000,4000:5A42
962,2254E,D996,FAB4,0001,FAB4,6000,2000:B4FC
963,2254E,D996,B38A,000B,B38A,D000,2000:B4FC
963,2254E,DB96,C8B6,0006,C8B6,4000,2000:B4FC
963,2254E,DCB6,F00E,0005,F00E,5000,2000:B4FC
966,21777,D8F4,1140,00A0,0003,0000,2000:2EBC
969,2254E,D996,0ED4,0007,0ED4,5000,2000:B4FC
973,2254E,D996,B60A,000B,B60A,D000,2000:B4FC
977,2254E,D996,FC4E,0001,FC4E,6000,2000:B4FC
978,2254E,D996,C99C,0006,C99C,4000,2000:B4FC
978,2254E,DAB6,F2A4,0005,F2A4,5000,2000:B4FC
981,2254E,D996,0DA4,0007,0DA4,5000,2000:B4FC
983,2254E,D996,B38A,000B,B38A,D000,2000:B4FC
991,21777,CE38,1140,000B,003C,0000,2000:8AEB
993,2254E,D996,0FFC,0007,0FFC,5000,2000:B4FC
1005,2254E,D996,0DA4,0007,0DA4,5000,2000:B4FC
1006,21777,C0FC,C0FC,002A,0000,0000,2000:0DFA
1007,21777,C126,C126,002A,0002,0000,2000:0DFA
1008,21777,C150,C150,002A,0004,0000,2000:0DFA
1009,21777,C17A,C17A,002A,0006,0000,2000:0DFA
1010,21777,C1A4,C1A4,002A,0008,0000,2000:0DFA
1011,21777,C1CE,C1CE,002A,000A,0000,2000:0DFA
1012,21777,C1F8,C1F8,002A,000C,0000,2000:0DFA
1013,21777,C222,C222,002A,000E,0000,2000:0DFA
1014,21777,C24C,C24C,002A,0010,0000,2000:0DFA
1015,21777,C276,C276,002A,0012,0000,2000:0DFA
1016,21777,C2A0,C2A0,002A,0014,0000,2000:0DFA
1017,21777,C2CA,C2CA,002A,0016,0000,2000:0DFA
1018,21777,C2F4,C2F4,002A,0018,0000,2000:0DFA
1019,21777,C31E,C31E,002A,001A,0000,2000:0DFA
1020,2254E,D996,0ED4,0007,0ED4,5000,2000:B4FC
1020,21777,C348,C348,002A,001C,0000,2000:0DFA
1022,21777,C0FC,C0FC,002A,001E,0000,2000:0DFA
1023,21777,C126,C126,002A,0020,0000,2000:0DFA
1024,21777,C150,C150,002A,0022,0000,2000:0DFA
1025,21777,C17A,C17A,002A,0024,0000,2000:0DFA
1026,21777,C1A4,C1A4,002A,0026,0000,2000:0DFA
1027,21777,C1CE,C1CE,002A,0028,0000,2000:0DFA
1028,21777,C1F8,C1F8,002A,002A,0000,2000:0DFA
1029,21777,C222,C222,002A,002C,0000,2000:0DFA
1030,21777,C24C,C24C,002A,002E,0000,2000:0DFA
1031,21777,C276,C276,002A,0030,0000,2000:0DFA
1032,2254E,D996,0DA4,0007,0DA4,5000,2000:B4FC
1032,21777,C2A0,C2A0,002A,0032,0000,2000:0DFA
1033,21777,C2CA,C2CA,002A,0034,0000,2000:0DFA
1034,21777,C2F4,C2F4,002A,0036,0000,2000:0DFA
1035,21777,B100,1140,0040,0008,0000,2000:8B69
1035,21777,B2C0,1140,0040,0007,0000,2000:8B69
1035,21777,B480,1140,0040,0006,0000,2000:8B69
1035,21777,B640,1140,0040,0005,0000,2000:8B69
1035,21777,B800,1140,0040,0004,0000,2000:8B69
1035,21777,B9C0,1140,0040,0003,0000,2000:8B69
1035,21777,BB80,1140,0040,0002,0000,2000:8B69
1035,21777,BD40,1140,0040,0001,0000,2000:8B69
1035,21B01,6B00,1140,0002,0E7B,0000,2000:8BEB
1048,2277D,B980,D2CE,0010,0060,0000,2000:4E7E
1048,2277D,B9A0,D2CE,0010,0080,0000,2000:4E7E
1049,21B01,5060,C126,05A0,031F,0000,4000:5C3F
1051,2277D,A820,D2CE,0010,0000,0000,2000:4E7E
1051,2277D,A800,D2CE,0010,00A0,0000,2000:4E7E
1051,2277D,A7E0,D2CE,0010,0060,0000,2000:4E7E
1061,2254E,D996,0FFC,0007,0FFC,5000,2000:B4FC
1067,21777,C150,C150,002A,0000,0000,2000:0DFA
1068,21B01,5860,C0FC,0000,D324,0000,2000:8D67
1070,21B01,5860,C0FC,0000,D324,0000,2000:8D67
1071,21B01,5860,C0FC,0000,D324,0000,2000:8D67
1072,21B01,5860,C0FC,0000,D324,0000,2000:8D67
1073,21B01,5860,C0FC,0000,D324,0000,2000:8D67
1074,2254E,D996,0DA4,0007,0DA4,5000,2000:B4FC
1074,21B01,5860,C0FC,0000,D324,0000,2000:8D67
1075,21B01,5860,C0FC,0000,D324,0000,2000:8D67
1076,21777,C150,1140,002A,0026,0000,2000:0DFA
1076,21777,C126,1140,002A,0000,0000,2000:0DFA
1076,21777,C738,1140,002A,0000,0000,2000:0DFA
1076,21777,C0FC,1140,002A,0000,0000,2000:0DFA
1076,21777,15C6,C0FC,0010,0000,0000,6000:12FC
1076,21777,2800,C0FC,0800,0000,0000,2000:20C7
1077,21777,C0FC,C0FC,002A,001C,0000,2000:0DFA
1079,21777,1678,1140,0050,000C,0000,2000:9A81
1079,21777,CC52,1140,01A0,000C,0000,2000:B32B
1079,21777,5520,1140,0280,0100,0000,4000:5AB8
1079,21B01,D996,1140,0020,001A,0000,4000:5AFB
1079,21B01,57A0,1140,01C0,1B1D,0000,4000:5B05
1079,2277D,57A0,DA76,0070,1BB8,0000,4000:5B28
1091,2254E,D996,0ED4,0007,0ED4,5000,2000:B4FC
1094,21777,C0FC,C0FC,002A,04A9,0000,2000:0DFA
1094,21777,C126,C126,002A,00BD,0000,2000:0DFA
1094,21777,C150,C150,002A,0000,0000,2000:0DFA
1094,21777,C17A,C17A,002A,04A9,0000,2000:0DFA
1098,2254E,D996,0DA4,0000,0DA4,5000,2000:B4FC
1108,2254E,D996,BFD2,0007,BFD2,6000,2000:B4FC
1118,2254E,D996,C110,0007,C110,6000,2000:B4FC
1128,2254E,D996,C242,0007,C242,6000,2000:B4FC
1129,2254E,D996,578E,0000,578E,8000,2000:B573
1135,2254E,D996,52B6,0025,52B6,8000,2000:B573
1141,2254E,D996,53CA,0025,53CA,8000,2000:B573
1150,2254E,D996,557C,0025,557C,8000,2000:B573
1158,2254E,D996,56B6,0025,56B6,8000,2000:B573
1167,21777,CC52,C126,001A,0020,0000,2000:B349
1167,21777,C126,C126,002A,00BD,0000,2000:0DFA
1168,21777,C0FC,C0FC,002A,6438,0000,2000:0DFA
1189,21777,CC6C,C150,001A,D32E,0000,2000:B349
1189,21777,C150,C150,002A,D32E,0000,2000:0DFA
1225,21777,D7D0,1140,0024,000C,0000,2000:C3F6
1245,2254E,D996,C242,0007,C242,6000,2000:B4FC
1245,21B01,56C0,C054,0011,FF21,0000,4000:59D5
1245,21777,5600,C054,00C0,1E16,0000,4000:5A42
1302,21777,C126,C126,002A,D332,0000,2000:0DFA
1303,21777,15C6,C150,0010,0000,0000,6000:12FC
1303,21777,C150,C150,002A,00E8,0000,2000:0DFA
1304,2254E,D996,B38A,0064,B38A,D000,2000:B4FC
1304,2254E,DB96,0DA4,0064,0DA4,5000,2000:B4FC
1304,2254E,DD96,C7CE,0064,C7CE,4000,2000:B4FC
1304,2254E,DEB6,ED70,0064,ED70,5000,2000:B4FC
1304,2254E,E1D6,F91A,0064,F91A,6000,2000:B4FC
1304,21777,C0FC,C0FC,002A,012A,0000,2000:0DFA
1305,21B01,56C0,C054,0011,FF21,0000,4000:59D5
1305,21777,5600,C054,00C0,1E16,0000,4000:5A42
1307,21777,5FA0,C000,0100,0000,0000,4000:4465
1307,21777,61A0,C000,0100,0200,0000,4000:4465
1307,21777,62A0,C000,0100,0300,0000,4000:4465
1307,21777,63A0,C000,0100,0400,0000,4000:4465
1307,21777,65A0,C000,0100,0600,0000,4000:4465
1315,2254E,D996,B4C4,000B,B4C4,D000,2000:B4FC
1315,21777,C126,C126,002A,0200,0000,2000:0DFA
1319,2254E,D996,0ED4,0007,0ED4,5000,2000:B4FC
1320,2254E,D996,C8B6,0006,C8B6,4000,2000:B4FC
1320,2254E,DAB6,F00E,0005,F00E,5000,2000:B4FC
1320,2254E,DDD6,FAB4,0001,FAB4,6000,2000:B4FC
1325,2254E,D996,B38A,000B,B38A,D000,2000:B4FC
1331,2254E,D996,0DA4,0007,0DA4,5000,2000:B4FC
1335,2254E,D996,B60A,000B,B60A,D000,2000:B4FC
1335,2254E,DB96,C99C,0006,C99C,4000,2000:B4FC
1335,2254E,DCB6,F2A4,0005,F2A4,5000,2000:B4FC
1335,2254E,DFD6,FC4E,0001,FC4E,6000,2000:B4FC
1343,2254E,D996,0FFC,0007,0FFC,5000,2000:B4FC
1345,2254E,D996,B38A,000B,B38A,D000,2000:B4FC
1349,21777,5FA0,C000,0100,0000,0000,4000:4465
1349,21777,61A0,C000,0100,0200,0000,4000:4465
1349,21777,62A0,C000,0100,0300,0000,4000:4465
1349,21777,63A0,C000,0100,0400,0000,4000:4465
1349,21777,65A0,C000,0100,0600,0000,4000:4465
1349,21B01,56C0,C054,0011,FF21,0000,4000:59D5
1349,21777,5600,C054,00C0,1D16,0000,4000:5A42
1350,2254E,D996,C7CE,0006,C7CE,4000,2000:B4FC
1350,2254E,DAB6,ED70,0005,ED70,5000,2000:B4FC
1350,2254E,DDD6,F91A,0001,F91A,6000,2000:B4FC
1351,21777,5FA0,C000,0100,0000,0000,4000:4465
1351,21777,61A0,C000,0100,0200,0000,4000:4465
1351,21777,62A0,C000,0100,0300,0000,4000:4465
1351,21777,63A0,C000,0100,0400,0000,4000:4465
1351,21777,65A0,C000,0100,0600,0000,4000:4465
1351,21B01,56C0,C054,0011,FF21,0000,4000:59D5
1351,21777,5600,C054,00C0,1C16,0000,4000:5A42
1353,21777,5FA0,C000,0100,0000,0000,4000:4465
1353,21777,61A0,C000,0100,0200,0000,4000:4465
1353,21777,62A0,C000,0100,0300,0000,4000:4465
1353,21777,63A0,C000,0100,0400,0000,4000:4465
1353,21777,65A0,C000,0100,0600,0000,4000:4465
1353,21B01,56C0,C054,0011,FF21,0000,4000:59D5
1353,21777,5600,C054,00C0,1B16,0000,4000:5A42
1355,2254E,D996,B4C4,000B,B4C4,D000,2000:B4FC
1355,2254E,DB96,0DA4,0007,0DA4,5000,2000:B4FC
1355,21777,5FA0,C000,0100,0000,0000,4000:4465
1355,21777,61A0,C000,0100,0200,0000,4000:4465
1355,21777,62A0,C000,0100,0300,0000,4000:4465
1355,21777,63A0,C000,0100,0400,0000,4000:4465
1355,21777,65A0,C000,0100,0600,0000,4000:4465
1355,21B01,56C0,C054,0011,FF21,0000,4000:59D5
1355,21777,5600,C054,00C0,1A16,0000,4000:5A42
1357,21777,5FA0,C000,0100,0000,0000,4000:4465
1357,21777,61A0,C000,0100,0200,0000,4000:4465
1357,21777,62A0,C000,0100,0300,0000,4000:4465
1357,21777,63A0,C000,0100,0400,0000,4000:4465
1357,21777,65A0,C000,0100,0600,0000,4000:4465
1357,21B01,56C0,C054,0011,FF21,0000,4000:59D5
1357,21777,5600,C054,00C0,1916,0000,4000:5A42
1358,21B01,56C0,C054,0011,FF21,0000,4000:59D5
1358,21777,5600,C054,00C0,1916,0000,4000:5A42
1365,2254E,D996,B38A,000B,B38A,D000,2000:B4FC
1365,2254E,DB96,C8B6,0006,C8B6,4000,2000:B4FC
1365,2254E,DCB6,F00E,0005,F00E,5000,2000:B4FC
1365,2254E,DFD6,FAB4,0001,FAB4,6000,2000:B4FC
1366,21777,D8F4,11E8,00A0,0019,0000,2000:2EBC
1370,2254E,D996,0ED4,0007,0ED4,5000,2000:B4FC
1375,2254E,D996,B60A,000B,B60A,D000,2000:B4FC
1380,2254E,D996,C99C,0006,C99C,4000,2000:B4FC
1380,2254E,DAB6,F2A4,0005,F2A4,5000,2000:B4FC
1380,2254E,DDD6,FC4E,0001,FC4E,6000,2000:B4FC
1382,2254E,D996,0DA4,0007,0DA4,5000,2000:B4FC
1385,2254E,D996,B38A,000B,B38A,D000,2000:B4FC
1391,21B01,56C0,C054,0011,FF21,0000,4000:59D5
1391,21777,5600,C054,00C0,1916,0000,4000:5A42
1391,21777,CE38,11E8,000B,003C,0000,2000:8AEB
1391,21777,C0FC,11E8,002A,0010,0000,2000:0DFA
1395,2254E,D996,ED70,0005,ED70,5000,2000:B4FC
1400,21777,C738,11E8,002A,0019,0000,2000:0DFA
1400,21777,15C6,C0FC,0010,0000,0000,6000:12FC
1400,21777,2800,C0FC,0800,0000,0000,2000:20C7
1401,21777,C0FC,C0FC,002A,001C,0000,2000:0DFA
1403,21777,1678,11E8,0050,0018,0000,2000:9A81
1403,21777,CC52,11E8,01A0,0018,0000,2000:B32B
1403,21777,5520,11E8,0280,0000,0000,4000:5AB8
1403,21B01,D996,11E8,0020,0019,0000,4000:5AFB
1403,21B01,57A0,11E8,01C0,1B1D,0000,4000:5B05
1403,2277D,57A0,DA76,0070,1BB8,0000,4000:5B28
1414,2254E,D996,F00E,0005,F00E,5000,2000:B4FC
1420,21777,C0FC,C0FC,002A,04A9,0000,2000:0DFA
1420,21777,C126,C126,002A,00BD,0000,2000:0DFA
1420,21777,C150,C150,002A,0000,0000,2000:0DFA
1420,21777,C17A,C17A,002A,04A9,0000,2000:0DFA
1424,2254E,D996,ED70,0000,ED70,5000,2000:B4FC
1440,2254E,D996,0000,0005,0000,6000,2000:B4FC
1450,2254E,D996,0278,0005,0278,6000,2000:B4FC
1460,2254E,D996,0504,0005,0504,6000,2000:B4FC
1468,2254E,D996,078A,0005,078A,6000,2000:B4FC
1468,2254E,DCB6,0A04,0320,0A04,6000,2000:B573
1468,2254E,DD36,0A72,0080,0A72,6000,2000:B573
1480,2254E,D996,0AB2,0005,0AB2,6000,2000:B4FC
1480,2254E,DCB6,0D10,0320,0D10,6000,2000:B573
1480,2254E,DDB6,0DF6,0100,0DF6,6000,2000:B573
1508,2254E,D996,0E1A,0005,0E1A,6000,2000:B4FC
1508,2254E,DCB6,1094,0320,1094,6000,2000:B573
1514,2254E,D996,11B0,0005,11B0,6000,2000:B4FC
1514,2254E,DCB6,3004,0320,3004,6000,2000:B573
1514,2254E,DD36,1140,0080,1140,6000,2000:B573
1522,2254E,D996,11B0,0005,11B0,6000,2000:B4FC
1522,2254E,DCB6,1140,0320,1140,6000,2000:B573
1522,2254E,DD36,0000,0000,0000,8000,2000:B573
1527,2254E,D996,003E,0025,003E,8000,2000:B573
1528,21777,8E00,150A,01A0,0103,0000,2000:9E19
1528,21777,9180,150A,01A0,0102,0000,2000:9E19
1528,21777,9500,150A,01A0,0101,0000,2000:9E19
1528,2254E,D996,0DA4,0023,0DA4,5000,2000:B4FC
1530,2254E,5A60,62B0,00CC,0068,9000,2000:96B1
1530,2254E,5DE0,C1B8,0380,0004,9000,2000:96C1
1530,2277D,5D60,C350,0040,0100,9000,2000:9712
1530,2277D,5F20,C3D0,0040,0100,9000,2000:971D
1531,2254E,D996,18D4,0023,18D4,5000,2000:B4FC
1537,2254E,D996,00F4,0025,00F4,8000,2000:B573
1539,2254E,D996,1A16,0023,1A16,5000,2000:B4FC
1543,2254E,D996,1B7C,0023,1B7C,5000,2000:B4FC
1545,2254E,D996,01C2,0025,01C2,8000,2000:B573
1547,2254E,D996,1A16,0023,1A16,5000,2000:B4FC
1551,2254E,D996,1B7C,0023,1B7C,5000,2000:B4FC
1552,21777,CC52,C126,001A,0063,0000,2000:B349
1552,21777,C126,C126,002A,00AA,0000,2000:0DFA
1553,21777,C0FC,C0FC,002A,6484,0000,2000:0DFA
1555,2254E,D996,1A16,0023,1A16,5000,2000:B4FC
1559,2254E,D996,1B7C,0023,1B7C,5000,2000:B4FC
1563,2254E,D996,1A16,0023,1A16,5000,2000:B4FC
1567,2254E,D996,1B7C,0023,1B7C,5000,2000:B4FC
1571,2254E,D996,1B7C,0023,1B7C,5000,2000:B4FC
1572,21777,C17A,C17A,002A,0012,0000,2000:0DFA
1587,21777,CC6C,C150,001A,D332,0000,2000:B349
1587,21777,C150,C150,002A,D332,0000,2000:0DFA
1622,21777,C1A4,11E8,002A,0018,0000,2000:0DFA
1623,21777,D7D0,11E8,0024,0018,0000,2000:C3F6
1623,21777,8E00,11E8,01A0,0003,0000,2000:9F16
1623,21777,9180,11E8,01A0,0002,0000,2000:9F16
1623,21777,9500,11E8,01A0,0001,0000,2000:9F16
1644,2254E,D996,11B0,0005,11B0,6000,2000:B4FC
1644,2254E,DCB6,1140,0320,1140,6000,2000:B573
1644,21B01,56C0,C054,0011,FF21,0000,4000:59D5
1644,21777,5600,C054,00C0,1916,0000,4000:5A42
1734,21777,C126,C126,002A,D336,0000,2000:0DFA
1735,21777,15C6,C150,0010,0000,0000,6000:12FC
1735,21777,C150,C150,002A,00E8,0000,2000:0DFA
1736,2254E,D996,B38A,0064,B38A,D000,2000:B4FC
1736,2254E,DB96,0DA4,0064,0DA4,5000,2000:B4FC
1736,2254E,DD96,C7CE,0064,C7CE,4000,2000:B4FC
1736,2254E,DEB6,ED70,0064,ED70,5000,2000:B4FC
1736,2254E,E1D6,F91A,0064,F91A,6000,2000:B4FC
1736,21777,C0FC,C0FC,002A,012A,0000,2000:0DFA
1737,21B01,56C0,C054,0011,FF21,0000,4000:59D5
1737,21777,5600,C054,00C0,1916,0000,4000:5A42
1739,21777,5FA0,C000,0100,0000,0000,4000:4465
1739,21777,61A0,C000,0100,0200,0000,4000:4465
1739,21777,62A0,C000,0100,0300,0000,4000:4465
1739,21777,63A0,C000,0100,0400,0000,4000:4465
1739,21777,65A0,C000,0100,0600,0000,4000:4465
1747,2254E,D996,B4C4,000B,B4C4,D000,2000:B4FC
1747,21777,C126,C126,002A,0200,0000,2000:0DFA
1751,2254E,D996,F00E,0005,F00E,5000,2000:B4FC
1752,2254E,D996,0ED4,0007,0ED4,5000,2000:B4FC
1752,2254E,DB96,C8B6,0006,C8B6,4000,2000:B4FC
1752,2254E,DCB6,FAB4,0001,FAB4,6000,2000:B4FC
1757,2254E,D996,B38A,000B,B38A,D000,2000:B4FC
1764,2254E,D996,0DA4,0007,0DA4,5000,2000:B4FC
1766,2254E,D996,F2A4,0005,F2A4,5000,2000:B4FC
1767,2254E,D996,B60A,000B,B60A,D000,2000:B4FC
1767,2254E,DB96,C99C,0006,C99C,4000,2000:B4FC
1767,2254E,DCB6,FC4E,0001,FC4E,6000,2000:B4FC
1776,2254E,D996,0FFC,0007,0FFC,5000,2000:B4FC
1777,2254E,D996,B38A,000B,B38A,D000,2000:B4FC
1781,2254E,D996,ED70,0005,ED70,5000,2000:B4FC
1781,21777,5FA0,C000,0100,0000,0000,4000:4465
1781,21777,61A0,C000,0100,0200,0000,4000:4465
1781,21777,62A0,C000,0100,0300,0000,4000:4465
1781,21777,63A0,C000,0100,0400,0000,4000:4465
1781,21777,65A0,C000,0100,0600,0000,4000:4465
1781,21B01,56C0,C054,0011,FF21,0000,4000:59D5
1781,21777,5600,C054,00C0,1816,0000,4000:5A42
1782,2254E,D996,C7CE,0006,C7CE,4000,2000:B4FC
1782,2254E,DAB6,F91A,0001,F91A,6000,2000:B4FC
1783,21777,5FA0,C000,0100,0000,0000,4000:4465
1783,21777,61A0,C000,0100,0200,0000,4000:4465
1783,21777,62A0,C000,0100,0300,0000,4000:4465
1783,21777,63A0,C000,0100,0400,0000,4000:4465
1783,21777,65A0,C000,0100,0600,0000,4000:4465
1783,21B01,56C0,C054,0011,FF21,0000,4000:59D5
1783,21777,5600,C054,00C0,1716,0000,4000:5A42
1785,21777,5FA0,C000,0100,0000,0000,4000:4465
1785,21777,61A0,C000,0100,0200,0000,4000:4465
1785,21777,62A0,C000,0100,0300,0000,4000:4465
1785,21777,63A0,C000,0100,0400,0000,4000:4465
1785,21777,65A0,C000,0100,0600,0000,4000:4465
1785,21B01,56C0,C054,0011,FF21,0000,4000:59D5
1785,21777,5600,C054,00C0,1616,0000,4000:5A42
1787,2254E,D996,B4C4,000B,B4C4,D000,2000:B4FC
1787,21777,5FA0,C000,0100,0000,0000,4000:4465
1787,21777,61A0,C000,0100,0200,0000,4000:4465
1787,21777,62A0,C000,0100,0300,0000,4000:4465
1787,21777,63A0,C000,0100,0400,0000,4000:4465
1787,21777,65A0,C000,0100,0600,0000,4000:4465
1787,21B01,56C0,C054,0011,FF21,0000,4000:59D5
1787,21777,5600,C054,00C0,1516,0000,4000:5A42
1788,2254E,D996,0DA4,0007,0DA4,5000,2000:B4FC
1789,21777,5FA0,C000,0100,0000,0000,4000:4465
1789,21777,61A0,C000,0100,0200,0000,4000:4465
1789,21777,62A0,C000,0100,0300,0000,4000:4465
1789,21777,63A0,C000,0100,0400,0000,4000:4465
1789,21777,65A0,C000,0100,0600,0000,4000:4465
1789,21B01,56C0,C054,0011,FF21,0000,4000:59D5
1789,21777,5600,C054,00C0,1416,0000,4000:5A42
1791,21777,5FA0,C000,0100,0000,0000,4000:4465
1791,21777,61A0,C000,0100,0200,0000,4000:4465
1791,21777,62A0,C000,0100,0300,0000,4000:4465
1791,21777,63A0,C000,0100,0400,0000,4000:4465
1791,21777,65A0,C000,0100,0600,0000,4000:4465
1791,21B01,56C0,C054,0011,FF21,0000,4000:59D5
1791,21777,5600,C054,00C0,1316,0000,4000:5A42
1793,21777,5FA0,C000,0100,0000,0000,4000:4465
1793,21777,61A0,C000,0100,0200,0000,4000:4465
1793,21777,62A0,C000,0100,0300,0000,4000:4465
1793,21777,63A0,C000,0100,0400,0000,4000:4465
1793,21777,65A0,C000,0100,0600,0000,4000:4465
1793,21B01,56C0,C054,0011,FF21,0000,4000:59D5
1793,21777,5600,C054,00C0,1216,0000,4000:5A42
1794,21B01,56C0,C054,0011,FF21,0000,4000:59D5
1794,21777,5600,C054,00C0,1216,0000,4000:5A42
1796,2254E,D996,F00E,0005,F00E,5000,2000:B4FC
1797,2254E,D996,B38A,000B,B38A,D000,2000:B4FC
1797,2254E,DB96,C8B6,0006,C8B6,4000,2000:B4FC
1797,2254E,DCB6,FAB4,0001,FAB4,6000,2000:B4FC
1802,21777,D8F4,1194,00A0,0012,0000,2000:2EBC
1803,2254E,D996,0ED4,0007,0ED4,5000,2000:B4FC
1807,2254E,D996,B60A,000B,B60A,D000,2000:B4FC
1811,2254E,D996,F2A4,0005,F2A4,5000,2000:B4FC
1812,2254E,D996,C99C,0006,C99C,4000,2000:B4FC
1812,2254E,DAB6,FC4E,0001,FC4E,6000,2000:B4FC
1815,2254E,D996,0DA4,0007,0DA4,5000,2000:B4FC
1817,2254E,D996,B38A,000B,B38A,D000,2000:B4FC
1826,2254E,D996,ED70,0005,ED70,5000,2000:B4FC
1827,2254E,D996,B4C4,000B,B4C4,D000,2000:B4FC
1827,2254E,DB96,0FFC,0007,0FFC,5000,2000:B4FC
1827,2254E,DD96,C7CE,0006,C7CE,4000,2000:B4FC
1827,2254E,DEB6,F91A,0001,F91A,6000,2000:B4FC
1827,21B01,56C0,C054,0011,FF21,0000,4000:59D5
1827,21777,5600,C054,00C0,1216,0000,4000:5A42
1827,21777,CE38,1194,000B,003C,0000,2000:8AEB
1827,21777,C0FC,1194,002A,0010,0000,2000:0DFA
1837,21777,C738,1194,002A,0012,0000,2000:0DFA
1837,21777,15C6,C0FC,0010,0000,0000,6000:12FC
1837,21777,2800,C0FC,0800,0000,0000,2000:20C7
1838,21777,C0FC,C0FC,002A,001C,0000,2000:0DFA
1840,21777,1678,1194,0050,0018,0000,2000:9A81
1840,21777,CC52,1194,01A0,0018,0000,2000:B32B
1840,21777,5520,1194,0280,0000,0000,4000:5AB8
1840,21B01,D996,1194,0020,0019,0000,4000:5AFB
1840,21B01,57A0,1194,01C0,1B1D,0000,4000:5B05
1840,2277D,57A0,DA76,0070,1BB8,0000,4000:5B28
1846,2254E,D996,C8B6,0006,C8B6,4000,2000:B4FC
1856,21777,C0FC,C0FC,002A,04A9,0000,2000:0DFA
1856,21777,C126,C126,002A,00BD,0000,2000:0DFA
1856,21777,C150,C150,002A,0000,0000,2000:0DFA
1856,21777,C17A,C17A,002A,04A9,0000,2000:0DFA
1860,2254E,D996,C7CE,0000,C7CE,4000,2000:B4FC
1872,2254E,D996,CD2A,0006,CD2A,4000,2000:B4FC
1900,2254E,D996,CDFA,0006,CDFA,4000,2000:B4FC
1902,2254E,D996,CEDC,0006,CEDC,4000,2000:B4FC
1902,2254E,DAB6,0000,0000,0000,8000,2000:B573
1907,2254E,D996,003E,0025,003E,8000,2000:B573
1908,21777,8E00,150A,01A0,0103,0000,2000:9E19
1908,21777,9180,150A,01A0,0102,0000,2000:9E19
1908,21777,9500,150A,01A0,0101,0000,2000:9E19
1908,2254E,D996,B38A,0023,B38A,D000,2000:B4FC
1910,2254E,5A60,7072,007C,0076,9000,2000:96B1
1910,2254E,5DE0,C1B8,0380,0004,9000,2000:96C1
1910,2277D,5D60,C350,0040,0100,9000,2000:9712
1910,2277D,5F20,C3D0,0040,0100,9000,2000:971D
1911,2254E,D996,C47A,0023,C47A,D000,2000:B4FC
1917,2254E,D996,00F4,0025,00F4,8000,2000:B573
1919,2254E,D996,C5BC,0023,C5BC,D000,2000:B4FC
1923,2254E,D996,C728,0023,C728,D000,2000:B4FC
1925,2254E,D996,01C2,0025,01C2,8000,2000:B573
1927,2254E,D996,C5BC,0023,C5BC,D000,2000:B4FC
1931,2254E,D996,C728,0023,C728,D000,2000:B4FC
1932,21777,CC52,C126,001A,004E,0000,2000:B349
1932,21777,C126,C126,002A,00AA,0000,2000:0DFA
1933,21777,C0FC,C0FC,002A,0018,0000,2000:0DFA
1935,2254E,D996,C5BC,0023,C5BC,D000,2000:B4FC
1939,2254E,D996,C728,0023,C728,D000,2000:B4FC
1943,2254E,D996,C5BC,0023,C5BC,D000,2000:B4FC
1947,2254E,D996,C728,0023,C728,D000,2000:B4FC
1951,2254E,D996,C728,0023,C728,D000,2000:B4FC
1952,21777,C17A,C17A,002A,0012,0000,2000:0DFA
1967,21777,CC6C,C150,001A,D32E,0000,2000:B349
1967,21777,C150,C150,002A,D32E,0000,2000:0DFA
2002,21777,C1A4,1194,002A,0018,0000,2000:0DFA
2003,21777,D7D0,1194,0024,0018,0000,2000:C3F6
2003,21777,8E00,1194,01A0,0003,0000,2000:9F16
2003,21777,9180,1194,01A0,0002,0000,2000:9F16
2003,21777,9500,1194,01A0,0001,0000,2000:9F16
2024,2254E,D996,CEDC,0006,CEDC,4000,2000:B4FC
2024,21B01,56C0,C054,0011,FF21,0000,4000:59D5
2024,21777,5600,C054,00C0,1216,0000,4000:5A42
2109,21777,C126,C126,002A,D332,0000,2000:0DFA
2110,21777,15C6,C150,0010,0000,0000,6000:12FC
2110,21777,C150,C150,002A,00E8,0000,2000:0DFA
2111,2254E,D996,B38A,0064,B38A,D000,2000:B4FC
2111,2254E,DB96,0DA4,0064,0DA4,5000,2000:B4FC
2111,2254E,DD96,C7CE,0064,C7CE,4000,2000:B4FC
2111,2254E,DEB6,ED70,0064,ED70,5000,2000:B4FC
2111,2254E,E1D6,F91A,0064,F91A,6000,2000:B4FC
2111,21777,C0FC,C0FC,002A,012A,0000,2000:0DFA
2112,21B01,56C0,C054,0011,FF21,0000,4000:59D5
2112,21777,5600,C054,00C0,1216,0000,4000:5A42
2114,21777,5FA0,C000,0100,0000,0000,4000:4465
2114,21777,61A0,C000,0100,0200,0000,4000:4465
2114,21777,62A0,C000,0100,0300,0000,4000:4465
2114,21777,63A0,C000,0100,0400,0000,4000:4465
2114,21777,65A0,C000,0100,0600,0000,4000:4465
2122,2254E,D996,B4C4,000B,B4C4,D000,2000:B4FC
2122,21777,C126,C126,002A,0200,0000,2000:0DFA
2126,2254E,D996,C8B6,0006,C8B6,4000,2000:B4FC
2127,2254E,D996,0ED4,0007,0ED4,5000,2000:B4FC
2127,2254E,DB96,F00E,0005,F00E,5000,2000:B4FC
2127,2254E,DEB6,FAB4,0001,FAB4,6000,2000:B4FC
2132,2254E,D996,B38A,000B,B38A,D000,2000:B4FC
2139,2254E,D996,0DA4,0007,0DA4,5000,2000:B4FC
2141,2254E,D996,C99C,0006,C99C,4000,2000:B4FC
2142,2254E,D996,B60A,000B,B60A,D000,2000:B4FC
2142,2254E,DB96,F2A4,0005,F2A4,5000,2000:B4FC
2142,2254E,DEB6,FC4E,0001,FC4E,6000,2000:B4FC
2151,2254E,D996,0FFC,0007,0FFC,5000,2000:B4FC
2152,2254E,D996,B38A,000B,B38A,D000,2000:B4FC
2156,2254E,D996,C7CE,0006,C7CE,4000,2000:B4FC
2156,21777,5FA0,C000,0100,0000,0000,4000:4465
2156,21777,61A0,C000,0100,0200,0000,4000:4465
2156,21777,62A0,C000,0100,0300,0000,4000:4465
2156,21777,63A0,C000,0100,0400,0000,4000:4465
2156,21777,65A0,C000,0100,0600,0000,4000:4465
2156,21B01,56C0,C054,0011,FF21,0000,4000:59D5
2156,21777,5600,C054,00C0,1116,0000,4000:5A42
2157,2254E,D996,ED70,0005,ED70,5000,2000:B4FC
2157,2254E,DCB6,F91A,0001,F91A,6000,2000:B4FC
2158,21777,5FA0,C000,0100,0000,0000,4000:4465
2158,21777,61A0,C000,0100,0200,0000,4000:4465
2158,21777,62A0,C000,0100,0300,0000,4000:4465
2158,21777,63A0,C000,0100,0400,0000,4000:4465
2158,21777,65A0,C000,0100,0600,0000,4000:4465
2158,21B01,56C0,C054,0011,FF21,0000,4000:59D5
2158,21777,5600,C054,00C0,1016,0000,4000:5A42
2160,21777,5FA0,C000,0100,0000,0000,4000:4465
2160,21777,61A0,C000,0100,0200,0000,4000:4465
2160,21777,62A0,C000,0100,0300,0000,4000:4465
2160,21777,63A0,C000,0100,0400,0000,4000:4465
2160,21777,65A0,C000,0100,0600,0000,4000:4465
2160,21B01,56C0,C054,0011,FF21,0000,4000:59D5
2160,21777,5600,C054,00C0,0F16,0000,4000:5A42
2162,2254E,D996,B4C4,000B,B4C4,D000,2000:B4FC
2162,21777,5FA0,C000,0100,0000,0000,4000:4465
2162,21777,61A0,C000,0100,0200,0000,4000:4465
2162,21777,62A0,C000,0100,0300,0000,4000:4465
2162,21777,63A0,C000,0100,0400,0000,4000:4465
2162,21777,65A0,C000,0100,0600,0000,4000:4465
2162,21B01,56C0,C054,0011,FF21,0000,4000:59D5
2162,21777,5600,C054,00C0,0E16,0000,4000:5A42
2163,2254E,D996,0DA4,0007,0DA4,5000,2000:B4FC
2164,21777,5FA0,C000,0100,0000,0000,4000:4465
2164,21777,61A0,C000,0100,0200,0000,4000:4465
2164,21777,62A0,C000,0100,0300,0000,4000:4465
2164,21777,63A0,C000,0100,0400,0000,4000:4465
2164,21777,65A0,C000,0100,0600,0000,4000:4465
2164,21B01,56C0,C054,0011,FF21,0000,4000:59D5
2164,21777,5600,C054,00C0,0D16,0000,4000:5A42
2166,21777,5FA0,C000,0100,0000,0000,4000:4465
2166,21777,61A0,C000,0100,0200,0000,4000:4465
2166,21777,62A0,C000,0100,0300,0000,4000:4465
2166,21777,63A0,C000,0100,0400,0000,4000:4465
2166,21777,65A0,C000,0100,0600,0000,4000:4465
2166,21B01,56C0,C054,0011,FF21,0000,4000:59D5
2166,21777,5600,C054,00C0,0C16,0000,4000:5A42
2168,21777,5FA0,C000,0100,0000,0000,4000:4465
2168,21777,61A0,C000,0100,0200,0000,4000:4465
2168,21777,62A0,C000,0100,0300,0000,4000:4465
2168,21777,63A0,C000,0100,0400,0000,4000:4465
2168,21777,65A0,C000,0100,0600,0000,4000:4465
2168,21B01,56C0,C054,0011,FF21,0000,4000:59D5
2168,21777,5600,C054,00C0,0B16,0000,4000:5A42
2170,21777,5FA0,C000,0100,0000,0000,4000:4465
2170,21777,61A0,C000,0100,0200,0000,4000:4465
2170,21777,62A0,C000,0100,0300,0000,4000:4465
2170,21777,63A0,C000,0100,0400,0000,4000:4465
2170,21777,65A0,C000,0100,0600,0000,4000:4465
2170,21B01,56C0,C054,0011,FF21,0000,4000:59D5
2170,21777,5600,C054,00C0,0A16,0000,4000:5A42
2171,2254E,D996,C8B6,0006,C8B6,4000,2000:B4FC
2172,2254E,D996,B38A,000B,B38A,D000,2000:B4FC
2172,2254E,DB96,F00E,0005,F00E,5000,2000:B4FC
2172,2254E,DEB6,FAB4,0001,FAB4,6000,2000:B4FC
2178,2254E,D996,0ED4,0007,0ED4,5000,2000:B4FC
2179,21777,D8F4,116A,00A0,0003,0000,2000:2EBC
2182,2254E,D996,B60A,000B,B60A,D000,2000:B4FC
2186,2254E,D996,C99C,0006,C99C,4000,2000:B4FC
2187,2254E,D996,F2A4,0005,F2A4,5000,2000:B4FC
2187,2254E,DCB6,FC4E,0001,FC4E,6000,2000:B4FC
2190,2254E,D996,0DA4,0007,0DA4,5000,2000:B4FC
2192,2254E,D996,B38A,000B,B38A,D000,2000:B4FC
2201,2254E,D996,C7CE,0006,C7CE,4000,2000:B4FC
2202,2254E,D996,B4C4,000B,B4C4,D000,2000:B4FC
2202,2254E,DB96,0FFC,0007,0FFC,5000,2000:B4FC
2202,2254E,DD96,ED70,0005,ED70,5000,2000:B4FC
2202,2254E,E0B6,F91A,0001,F91A,6000,2000:B4FC
2203,2254E,D996,B38A,0064,B38A,D000,2000:B4FC
2213,2254E,D996,B4C4,000B,B4C4,D000,2000:B4FC
2214,2254E,D996,0DA4,0007,0DA4,5000,2000:B4FC
2216,2254E,D996,C8B6,0006,C8B6,4000,2000:B4FC
2217,2254E,D996,F00E,0005,F00E,5000,2000:B4FC
2217,2254E,DCB6,FAB4,0001,FAB4,6000,2000:B4FC
2223,2254E,D996,B38A,000B,B38A,D000,2000:B4FC
2229,2254E,D996,0ED4,0007,0ED4,5000,2000:B4FC
2231,2254E,D996,C99C,0006,C99C,4000,2000:B4FC
2232,2254E,D996,F2A4,0005,F2A4,5000,2000:B4FC
2232,2254E,DCB6,FC4E,0001,FC4E,6000,2000:B4FC
2233,2254E,D996,B60A,000B,B60A,D000,2000:B4FC
2241,2254E,D996,0DA4,0007,0DA4,5000,2000:B4FC
2243,2254E,D996,B38A,000B,B38A,D000,2000:B4FC
2246,2254E,D996,C7CE,0006,C7CE,4000,2000:B4FC
2247,2254E,D996,ED70,0005,ED70,5000,2000:B4FC
2247,2254E,DCB6,F91A,0001,F91A,6000,2000:B4FC
2253,2254E,D996,B4C4,000B,B4C4,D000,2000:B4FC
2253,2254E,DB96,0FFC,0007,0FFC,5000,2000:B4FC
2260,21777,CC52,C0FC,001A,D32A,0000,2000:B349
2260,21777,C0FC,C0FC,002A,D32A,0000,2000:0DFA
2261,2254E,D996,C8B6,0006,C8B6,4000,2000:B4FC
2261,21777,CE38,116A,000B,003C,0000,2000:8AEB
2263,2254E,D996,B38A,000B,B38A,D000,2000:B4FC
2273,2254E,D996,B60A,000B,B60A,D000,2000:B4FC
2276,21777,C0FC,C0FC,002A,0000,0000,2000:0DFA
2277,21777,C126,C126,002A,0002,0000,2000:0DFA
2278,21777,C150,C150,002A,0004,0000,2000:0DFA
2279,21777,C17A,C17A,002A,0006,0000,2000:0DFA
2280,21777,C1A4,C1A4,002A,0008,0000,2000:0DFA
2281,21777,C1CE,C1CE,002A,000A,0000,2000:0DFA
2282,21777,C1F8,C1F8,002A,000C,0000,2000:0DFA
2283,2254E,D996,B38A,000B,B38A,D000,2000:B4FC
2283,21777,C222,C222,002A,000E,0000,2000:0DFA
2284,21777,C24C,C24C,002A,0010,0000,2000:0DFA
2285,21777,C276,C276,002A,0012,0000,2000:0DFA
2286,21777,C2A0,C2A0,002A,0014,0000,2000:0DFA
2287,21777,C2CA,C2CA,002A,0016,0000,2000:0DFA
2288,21777,C2F4,C2F4,002A,0018,0000,2000:0DFA
2289,21777,C31E,C31E,002A,001A,0000,2000:0DFA
2290,21777,C348,C348,002A,001C,0000,2000:0DFA
2292,21777,C0FC,C0FC,002A,001E,0000,2000:0DFA
2293,2254E,D996,B4C4,000B,B4C4,D000,2000:B4FC
2293,21777,C126,C126,002A,0020,0000,2000:0DFA
2294,21777,C150,C150,002A,0022,0000,2000:0DFA
2295,21777,C17A,C17A,002A,0024,0000,2000:0DFA
2296,21777,C1A4,C1A4,002A,0026,0000,2000:0DFA
2297,21777,C1CE,C1CE,002A,0028,0000,2000:0DFA
2298,21777,C1F8,C1F8,002A,002A,0000,2000:0DFA
2299,21777,C222,C222,002A,002C,0000,2000:0DFA
2300,21777,C24C,C24C,002A,002E,0000,2000:0DFA
2301,21777,C276,C276,002A,0030,0000,2000:0DFA
2302,21777,C2A0,C2A0,002A,0032,0000,2000:0DFA
2303,2254E,D996,B38A,000B,B38A,D000,2000:B4FC
2303,21777,C2CA,C2CA,002A,0034,0000,2000:0DFA
2304,21777,C2F4,C2F4,002A,0036,0000,2000:0DFA
2305,21777,B100,116A,0040,0008,0000,2000:8B69
2305,21777,B2C0,116A,0040,0007,0000,2000:8B69
2305,21777,B480,116A,0040,0006,0000,2000:8B69
2305,21777,B640,116A,0040,0005,0000,2000:8B69
2305,21777,B800,116A,0040,0004,0000,2000:8B69
2305,21777,B9C0,116A,0040,0003,0000,2000:8B69
2305,21777,BB80,116A,0040,0002,0000,2000:8B69
2305,21777,BD40,116A,0040,0001,0000,2000:8B69
2305,21B01,6B00,116A,0002,0E7B,0000,2000:8BEB
2318,2277D,B980,D2CE,0010,0060,0000,2000:4E7E
2318,2277D,B9A0,D2CE,0010,0080,0000,2000:4E7E
2319,21B01,5060,C126,05A0,031F,0000,4000:5C3F
2322,2277D,A820,D2CE,0010,0020,0000,2000:4E7E
2322,2277D,A800,D2CE,0010,0000,0000,2000:4E7E
2331,2254E,D996,B60A,000B,B60A,D000,2000:B4FC
2338,21777,C150,C150,002A,0000,0000,2000:0DFA
2342,2254E,D996,B38A,000B,B38A,D000,2000:B4FC
2352,2254E,D996,B4C4,000B,B4C4,D000,2000:B4FC
2352,21777,C150,116A,002A,0027,0000,2000:0DFA
2352,21777,C126,116A,002A,0000,0000,2000:0DFA
2352,21777,C738,116A,002A,0000,0000,2000:0DFA
2352,21777,C0FC,116A,002A,0000,0000,2000:0DFA
2352,21777,15C6,C0FC,0010,0000,0000,6000:12FC
2352,21777,2800,C0FC,0800,0000,0000,2000:20C7
2353,21777,C0FC,C0FC,002A,001C,0000,2000:0DFA
2355,21777,1678,116A,0050,000C,0000,2000:9A81
2355,21777,CC52,116A,01A0,000C,0000,2000:B32B
2355,21777,5520,116A,0280,0100,0000,4000:5AB8
2355,21B01,D996,116A,0020,0019,0000,4000:5AFB
2355,21B01,57A0,116A,01C0,1B1D,0000,4000:5B05
2355,2277D,57A0,DA76,0070,1BB8,0000,4000:5B28
2364,2254E,D996,B38A,000B,B38A,D000,2000:B4FC
2370,21777,C0FC,C0FC,002A,04A9,0000,2000:0DFA
2370,21777,C126,C126,002A,00BD,0000,2000:0DFA
2370,21777,C150,C150,002A,0000,0000,2000:0DFA
2370,21777,C17A,C17A,002A,04A9,0000,2000:0DFA
2374,2254E,D996,B60A,000B,B60A,D000,2000:B4FC
2374,2254E,DB96,D404,0000,D404,D000,2000:B4FC
2374,2254E,DD96,F4F0,0200,F4F0,D000,2000:B573
2374,2254E,DE56,F57C,00C0,F57C,D000,2000:B573
2382,2254E,D996,D55A,000B,D55A,D000,2000:B4FC
2382,2254E,DB96,F4F0,0200,F4F0,D000,2000:B573
2382,2254E,DC56,F57C,00C0,F57C,D000,2000:B573
2388,2254E,D996,D7EE,000B,D7EE,D000,2000:B4FC
2388,2254E,DB96,FC64,0200,FC64,D000,2000:B573
2388,2254E,DD76,F5A6,01E0,F5A6,D000,2000:B573
2396,2254E,D996,D944,000B,D944,D000,2000:B4FC
2396,2254E,DB96,FD22,0200,FD22,D000,2000:B573
2396,2254E,DC16,F5A6,0080,F5A6,D000,2000:B573
2404,2254E,D996,DA98,000B,DA98,D000,2000:B4FC
2404,2254E,DB96,F5A6,0200,F5A6,D000,2000:B573
2404,2254E,DC56,0000,0000,0000,8000,2000:B573
2409,2254E,D996,D6A2,000B,D6A2,D000,2000:B4FC
2409,2254E,DB96,F5A6,0200,F5A6,D000,2000:B573
2409,2254E,DC56,003E,0025,003E,8000,2000:B573
2410,21777,8E00,152E,01A0,1303,0000,2000:9E19
2410,21777,9180,152E,01A0,1302,0000,2000:9E19
2410,21777,9500,152E,01A0,1301,0000,2000:9E19
2410,2254E,D996,C7CE,0023,C7CE,4000,2000:B4FC
2412,2254E,5A60,7A22,00B4,0080,9000,2000:96B1
2412,2254E,5DE0,C1B8,0380,0004,9000,2000:96C1
2412,2277D,5D60,C450,0040,0200,9000,2000:9712
2412,2277D,5F20,C4D0,0040,0200,9000,2000:971D
2413,2254E,D996,CA82,0023,CA82,4000,2000:B4FC
2418,2254E,D996,D73E,0023,D73E,4000,2000:B4FC
2419,2254E,D996,DBE2,000B,DBE2,D000,2000:B4FC
2419,2254E,DB96,F71C,0200,F71C,D000,2000:B573
2419,2254E,DCD6,00F4,0025,00F4,8000,2000:B573
2422,2254E,D996,D82A,0023,D82A,4000,2000:B4FC
2424,2254E,D996,DD38,000B,DD38,D000,2000:B4FC
2424,2254E,DB96,F632,0200,F632,D000,2000:B573
2426,2254E,D996,D73E,0023,D73E,4000,2000:B4FC
2427,2254E,D996,01C2,0025,01C2,8000,2000:B573
2428,2254E,D996,DE76,000B,DE76,D000,2000:B4FC
2428,2254E,DB96,F7F6,0200,F7F6,D000,2000:B573
2430,2254E,D996,D82A,0023,D82A,4000,2000:B4FC
2434,21777,CC52,C126,001A,0024,0000,2000:B349
2434,21777,C126,C126,002A,00AA,0000,2000:0DFA
2434,2254E,D996,D73E,0023,D73E,4000,2000:B4FC
2435,21777,C0FC,C0FC,002A,000B,0000,2000:0DFA
2438,2254E,D996,DFC8,000B,DFC8,D000,2000:B4FC
2438,2254E,DB96,FD6A,0200,FD6A,D000,2000:B573
2438,2254E,DD96,F88C,0200,F88C,D000,2000:B573
2438,2254E,DF76,D82A,0023,D82A,4000,2000:B4FC
2442,2254E,D996,CA82,0023,CA82,4000,2000:B4FC
2443,21777,C17A,C17A,002A,0012,0000,2000:0DFA
2444,2254E,D996,E114,000B,E114,D000,2000:B4FC
2444,2254E,DB96,FE0A,0200,FE0A,D000,2000:B573
2444,2254E,DC56,F88C,00C0,F88C,D000,2000:B573
2448,2254E,D996,E266,000B,E266,D000,2000:B4FC
2448,2254E,DB96,4CA6,0200,4CA6,E000,2000:B573
2448,2254E,DBB6,4AA2,0020,4AA2,E000,2000:B573
2448,2254E,DC76,0000,0000,0000,8000,2000:B573
2453,2254E,D996,003E,0025,003E,8000,2000:B573
2454,2254E,D996,C7CE,0021,C7CE,4000,2000:B4FC
2456,2254E,D996,E3B2,000B,E3B2,D000,2000:B4FC
2456,2254E,DB96,F954,0200,F954,D000,2000:B573
2456,2254E,5A60,83FE,0007,008A,9000,2000:96B1
2456,2254E,5DE0,C1B8,0380,0004,9000,2000:96C1
2456,2277D,5D60,C450,0040,0200,9000,2000:9712
2456,2277D,5F20,C4D0,0040,0200,9000,2000:971D
2458,2254E,D996,CA82,0021,CA82,4000,2000:B4FC