candidate_id,read_count,first_frame,first_pc
CP932-02887,0,-1,
CP932-04106,0,-1,
CP932-04157,0,-1,
CP932-09266,0,-1,
CP932-11026,0,-1,
CP932-11027,0,-1,
CP932-11034,0,-1,
CP932-11035,0,-1,
CP932-11057,0,-1,
CP932-11058,0,-1,
CP932-11059,0,-1,
CP932-11073,0,-1,
CP932-11091,0,-1,
CP932-11092,0,-1,
CP932-11093,0,-1,
CP932-11094,0,-1,
CP932-11095,0,-1,
CP932-11096,0,-1,
CP932-11097,0,-1,
CP932-11100,0,-1,
CP932-11101,0,-1,
CP932-11116,0,-1,
CP932-11117,0,-1,
CP932-11118,0,-1,
CP932-11119,0,-1,
CP932-11120,0,-1,
CP932-11121,0,-1,
CP932-11122,0,-1,
CP932-11129,0,-1,
CP932-11130,0,-1,
CP932-11137,0,-1,
CP932-11139,0,-1,
CP932-11140,0,-1,
CP932-12278,0,-1,
CP932-13491,0,-1,
CP932-15937,0,-1,
CP932-15938,0,-1,
CP932-15939,0,-1,
CP932-15966,0,-1,
CP932-15967,0,-1,
CP932-15968,0,-1,
CP932-15986,0,-1,
CP932-15993,0,-1,
CP932-16638,0,-1,
CP932-16639,0,-1,
CP932-16726,0,-1,
CP932-16738,0,-1,
