id,surface,access,evidence,result,visual,note
RT-01,SRAM cold load,cold boot,route_01_cold_data1/cart_loaded.sav,PASS_BYTE_EXACT,NOT_APPLICABLE,32 KiB SHA-256 matches the recovered native save.
RT-02,DATA:1 save screen,natural inherited checkpoint,captures/01_DATA1_save_screen.png,PASS_RUNTIME,PASS_LEGIBLE,AREA 1-1 and saved slot are legible.
RT-03,Start menu,natural DATA:1 descendant,captures/02_start_menu.png,PASS_RUNTIME,PASS_LEGIBLE,"Memorial, Next Area and Save are stable."
RT-04,Map movement,natural,captures/03_map_movement.png,PASS_RUNTIME,PASS_LEGIBLE,MOVE overlay and sprites remain stable.
RT-05,Dialogue,natural,captures/04_dialogue.png,PASS_RUNTIME,PASS_LEGIBLE,"Portrait, speaker name and text fit."
RT-06,Enemy tutorial,natural,captures/05_enemy_tutorial.png,PASS_RUNTIME,PASS_LEGIBLE,Enemy overlay and tutorial dialogue are stable.
RT-07,Item Select / inventory,natural,captures/06_item_select.png,PASS_RUNTIME,PASS_LEGIBLE,Lorelei and Einherjar fit the list.
RT-08,First battle HUD,natural,captures/07_first_battle.png,PASS_RUNTIME,PASS_LEGIBLE,"Action, target and item labels remain inside their regions."
RT-09,Victory,natural,captures/08_victory.png,PASS_RUNTIME,PASS_LEGIBLE,Triumph transition completes normally.
RT-10,Post-battle dialogue,natural,captures/09_postbattle_dialogue.png,PASS_RUNTIME,PASS_LEGIBLE,Dialogue advances with sparse synchronized input.
RT-11,Quest interface,natural,captures/10_quest_ui.png,PASS_RUNTIME,PASS_LEGIBLE,Pillar label and quest prompt are stable.
RT-12,NPC dialogue,natural,captures/11_hector_dialogue.png,PASS_RUNTIME,PASS_LEGIBLE,Hector portrait/name/dialogue are readable.
RT-13,Second Item Select,natural,captures/12_second_item_select.png,PASS_RUNTIME,PASS_LEGIBLE,"Lorelei, Einherjar and Potion fit with counts."
RT-14,Second battle HUD,natural,captures/13_second_battle.png,PASS_RUNTIME,PASS_LEGIBLE,Devastator remains inside the action box in this reached case.
RT-15,Team Edit,controlled native screen entry (inherited),captures/14_team_edit_controlled_reference.png,PASS_CONTROLLED_REFERENCE,PASS_LEGIBLE,Diagnostic reference only; does not grant natural I20 PASS.
