id,owner_rom_offset,original_stream_rom_offset,current_stream_rom_offset,bank_or_context,consumer_entry_cpu,resource_or_buffer,screen,renderer,evidence,certainty
Darknage_intro,0x79cb0c,0x7f8fe9,0x7ffc34,file bank 0x79 owner; stream bank 0x7F; runtime mapping unproven,UNKNOWN,2-byte owner pointer to FE00/A9/FF dialogue stream,Chapter 8 Hades encounter,native dialogue path (entry not identified),source/Riviera_S459_OVERLAY/build_s459.py; validation/S459/BUILD.json; CH8_RENDER.json,owner and stream ROM offsets confirmed; CPU entry UNKNOWN
Darknage_identity,0x79cb18,0x7f902c,0x7ffc7c,file bank 0x79 owner; stream bank 0x7F; runtime mapping unproven,UNKNOWN,2-byte owner pointer to FE00/A9/FF dialogue stream,Chapter 8 Hades encounter,native dialogue path (entry not identified),source/Riviera_S459_OVERLAY/build_s459.py; validation/S459/BUILD.json; CH8_RENDER.json,owner and stream ROM offsets confirmed; CPU entry UNKNOWN
Ein_Hades_echo,0x79cb1c,0x7f9055,0x7ffce4,file bank 0x79 owner; stream bank 0x7F; runtime mapping unproven,UNKNOWN,2-byte owner pointer to FE00/A9/FF dialogue stream,Chapter 8 Hades encounter,native dialogue path (entry not identified),source/Riviera_S459_OVERLAY/build_s459.py; validation/S459/BUILD.json; CH8_RENDER.json,owner and stream ROM offsets confirmed; CPU entry UNKNOWN
Ein_dark_king,0x79cb20,0x7f905c,0x7ffcf5,file bank 0x79 owner; stream bank 0x7F; runtime mapping unproven,UNKNOWN,2-byte owner pointer to FE00/A9/FF dialogue stream,Chapter 8 Hades encounter,native dialogue path (entry not identified),source/Riviera_S459_OVERLAY/build_s459.py; validation/S459/BUILD.json; CH8_RENDER.json,owner and stream ROM offsets confirmed; CPU entry UNKNOWN
Darknage_threat,0x79cb24,0x7f9072,0x7ffd3b,file bank 0x79 owner; stream bank 0x7F; runtime mapping unproven,UNKNOWN,2-byte owner pointer to FE00/A9/FF dialogue stream,Chapter 8 Hades encounter,native dialogue path (entry not identified),source/Riviera_S459_OVERLAY/build_s459.py; validation/S459/BUILD.json; CH8_RENDER.json,owner and stream ROM offsets confirmed; CPU entry UNKNOWN
Cierra_warning,0x79cb35,0x7f9097,0x7ffda4,file bank 0x79 owner; stream bank 0x7F; runtime mapping unproven,UNKNOWN,2-byte owner pointer to FE00/A9/FF dialogue stream,Chapter 8 Hades encounter,native dialogue path (entry not identified),source/Riviera_S459_OVERLAY/build_s459.py; validation/S459/BUILD.json; CH8_RENDER.json,owner and stream ROM offsets confirmed; CPU entry UNKNOWN
Ein_response,0x79cb39,0x7f90aa,0x7ffdc8,file bank 0x79 owner; stream bank 0x7F; runtime mapping unproven,UNKNOWN,2-byte owner pointer to FE00/A9/FF dialogue stream,Chapter 8 Hades encounter,native dialogue path (entry not identified),source/Riviera_S459_OVERLAY/build_s459.py; validation/S459/BUILD.json; CH8_RENDER.json,owner and stream ROM offsets confirmed; CPU entry UNKNOWN
epilogue_000,0x793883,0x6681fa,0x6681fa,file bank 0x79 owner; bank 0x66 stream; runtime mapping unproven,UNKNOWN,owner pointer; page breaks FE00; line breaks A9; terminator FF,fullscreen epilogue,native ending path (entry not identified),source/Riviera_S459_OVERLAY/build_s459.py; validation/S459/BUILD.json; EPILOGUE_LAYOUT.json,owner/stream ROM offsets confirmed; CPU entry UNKNOWN
epilogue_003,0x7939ab,0x662be2,0x662be2,file bank 0x79 owner; bank 0x66 stream; runtime mapping unproven,UNKNOWN,owner pointer; page breaks FE00; line breaks A9; terminator FF,fullscreen epilogue,native ending path (entry not identified),source/Riviera_S459_OVERLAY/build_s459.py; validation/S459/BUILD.json; EPILOGUE_LAYOUT.json,owner/stream ROM offsets confirmed; CPU entry UNKNOWN
epilogue_009,0x793b26,0x667c1d,0x667c1d,file bank 0x79 owner; bank 0x66 stream; runtime mapping unproven,UNKNOWN,owner pointer; page breaks FE00; line breaks A9; terminator FF,fullscreen epilogue,native ending path (entry not identified),source/Riviera_S459_OVERLAY/build_s459.py; validation/S459/BUILD.json; EPILOGUE_LAYOUT.json,owner/stream ROM offsets confirmed; CPU entry UNKNOWN
epilogue_011,0x793b6c,0x662888,0x662888,file bank 0x79 owner; bank 0x66 stream; runtime mapping unproven,UNKNOWN,owner pointer; page breaks FE00; line breaks A9; terminator FF,fullscreen epilogue,native ending path (entry not identified),source/Riviera_S459_OVERLAY/build_s459.py; validation/S459/BUILD.json; EPILOGUE_LAYOUT.json,owner/stream ROM offsets confirmed; CPU entry UNKNOWN
